-- phpMyAdmin SQL Dump
-- version 5.0.3
-- https://www.phpmyadmin.net/
--
-- Servidor: 127.0.0.1
-- Tiempo de generación: 13-05-2022 a las 00:36:28
-- Versión del servidor: 10.4.14-MariaDB
-- Versión de PHP: 7.4.11

SET SQL_MODE = "NO_AUTO_VALUE_ON_ZERO";
START TRANSACTION;
SET time_zone = "+00:00";


/*!40101 SET @OLD_CHARACTER_SET_CLIENT=@@CHARACTER_SET_CLIENT */;
/*!40101 SET @OLD_CHARACTER_SET_RESULTS=@@CHARACTER_SET_RESULTS */;
/*!40101 SET @OLD_COLLATION_CONNECTION=@@COLLATION_CONNECTION */;
/*!40101 SET NAMES utf8mb4 */;

--
-- Base de datos: `red_medica`
--

-- --------------------------------------------------------

--
-- Estructura de tabla para la tabla `administrador`
--

CREATE TABLE `administrador` (
  `id_admin` int(20) NOT NULL,
  `adminis` varchar(250) DEFAULT NULL,
  `pass` varchar(240) DEFAULT NULL,
  `idRolA` int(20) DEFAULT NULL,
  `estado` varchar(1) DEFAULT NULL
) ENGINE=InnoDB DEFAULT CHARSET=utf8;

--
-- Volcado de datos para la tabla `administrador`
--

INSERT INTO `administrador` (`id_admin`, `adminis`, `pass`, `idRolA`, `estado`) VALUES
(1, 'adminp', '12345', 1, 'A'),
(2, 'admin', '1234', 1, 'A'),
(3, 'Luis Enrique', '12345', 1, 'A');

-- --------------------------------------------------------

--
-- Estructura de tabla para la tabla `comentario`
--

CREATE TABLE `comentario` (
  `id_comen` int(20) NOT NULL,
  `id_public_com` int(20) DEFAULT NULL,
  `id_medico_com` int(20) DEFAULT NULL,
  `text_comen` varchar(1800) DEFAULT NULL,
  `fecha_comen` date DEFAULT NULL,
  `estado` varchar(1) DEFAULT NULL
) ENGINE=InnoDB DEFAULT CHARSET=utf8;

--
-- Volcado de datos para la tabla `comentario`
--

INSERT INTO `comentario` (`id_comen`, `id_public_com`, `id_medico_com`, `text_comen`, `fecha_comen`, `estado`) VALUES
(1, 1, 1, 'me gusta', '2021-10-28', 'A'),
(2, 2, 3, 'me gusta esta publicacion', '2021-11-01', 'A'),
(3, 2, 7, 'me gusta  el artículo', '2021-11-03', 'A'),
(4, 1, 7, 'me gusta mucho ', '2021-11-12', 'A'),
(5, 1, 3, 'Me parece un artículo interesante', '2022-05-09', 'A'),
(6, 1, 5, 'Este artículo redactá muy bien la desinfección en los hospitales', '2022-05-09', 'A'),
(7, 1, 13, 'El artículo es interesante pero le falto profundizar en ciertos temas', '2022-05-08', 'A');

-- --------------------------------------------------------

--
-- Estructura de tabla para la tabla `conferencia`
--

CREATE TABLE `conferencia` (
  `id_confe` int(20) NOT NULL,
  `id_userme` int(20) DEFAULT NULL,
  `titulo_confe` varchar(250) DEFAULT NULL,
  `autores_confe` varchar(300) DEFAULT NULL,
  `link_confe` varchar(400) DEFAULT NULL,
  `material_confe` varchar(400) DEFAULT NULL,
  `recordatorio` int(20) DEFAULT NULL,
  `categoria_confe` int(20) DEFAULT NULL,
  `fachainicio` datetime DEFAULT NULL,
  `fechafinal` datetime DEFAULT NULL,
  `etapa_confe` varchar(250) DEFAULT NULL,
  `visttas_confe` int(50) DEFAULT NULL,
  `estado` varchar(1) DEFAULT NULL
) ENGINE=InnoDB DEFAULT CHARSET=utf8;

--
-- Volcado de datos para la tabla `conferencia`
--

INSERT INTO `conferencia` (`id_confe`, `id_userme`, `titulo_confe`, `autores_confe`, `link_confe`, `material_confe`, `recordatorio`, `categoria_confe`, `fachainicio`, `fechafinal`, `etapa_confe`, `visttas_confe`, `estado`) VALUES
(1, 7, 'Propiedades del tomate cultivado en las marismas de Lebrija', 'Antonio Vasquez Perez', 'https://www.youtube.com/watch?v=5qap5aO4i9A', 'documento-confe-pdf/como-estas-mundo.pdf', 5, 1, '2022-01-04 19:15:00', '2022-01-04 19:30:00', 'Programada', 3, 'A'),
(2, 7, 'Enfoque Médico de un Paciente con Diabetes y COVID-19', 'Abraham Perez,Armando Vasquez,German Gomez,Héctor Acosta', 'https://www.youtube.com/watch?v=5qap5aO4i9A', 'documentos/documeto.pdf', 4, 2, '2022-01-04 19:16:30', '2022-01-04 19:30:30', 'Terminada', 6, 'A'),
(3, 7, 'Los judadres de rabi son los mas propensoas ha sufrie leciones en la cabeza por esa razon es muy inportante usar cascos', 'participantes\r\nsegudon participante,\r\nJhontan Antonio,\r\nJuan pedro,\r\nMiguel Lopez,\r\nRafael Vaquez,\r\nPedro Sanchez.', 'https://www.youtube.com/watch?v=tyMpXRRfdow', 'documento-confe-pdf/miguelpdf.pdf', 1, 2, '2022-01-13 19:14:00', '2022-01-13 20:18:00', 'Terminada', 3, 'A'),
(4, 7, 'Promblema para dormir ', 'Luis Enrique\r\nMaria Capellan\r\nLuis Benua', 'https://www.youtube.com/watch?v=E5hXO6Mff6Q', 'documento-confe-pdf/luis-enriquegomez-garcia-ccnarsm122020-angel-maria-villar-galanpdf.pdf', 1, 2, '2022-01-06 19:15:00', '2022-01-06 19:16:00', 'Terminada', 3, 'A'),
(5, 7, 'Diabetes mellitus ', 'Martin Perz,Jose Vargaz.', 'https://www.youtube.com/watch?v=PPbrfPs53vM', 'documento-confe-pdf/memoria-perdidaspdf.pdf', NULL, 2, '2022-03-31 16:00:00', '2022-04-01 17:00:00', 'Programada', 5, 'A'),
(6, 7, 'Medicinas para la tos y el resfrío. ', 'Cony Herrera', 'https://www.youtube.com/watch?v=n0hzprsL1og', 'documento-confe-pdf/las-memoris-de-paula-reyes-y-de-saul-val-balvuenopdf.pdf', NULL, 2, '2022-03-28 17:08:00', '2022-03-29 15:06:00', 'Terminada', 2, 'A'),
(7, 7, 'Medicamentos y los niños ', 'Miguel Herrnades.', 'https://www.youtube.com/watch?v=zknEzOXKFNo', 'documento-confe-pdf/memoria-perdidaspdf.pdf', NULL, 2, '2022-03-23 17:55:00', '2022-03-30 18:08:00', 'Terminada', 6, 'A'),
(8, 7, 'Seguridad de los medicamentos ', 'Luis Miguel.', 'https://www.youtube.com/watch?v=HlL2F7XY5EY', 'documento-confe-pdf/materialespdf.pdf', NULL, 2, '2022-04-07 16:04:00', '2022-04-08 16:44:00', 'Terminada', 7, 'A'),
(9, 7, 'Medicinas para el VIH y el sida ', 'DR.Juan Vasquez', 'https://www.youtube.com/watch?v=AzX94xVfGDg', 'documento-confe-pdf/memoria-perdidaspdf.pdf', NULL, 2, '2022-04-05 14:22:00', '2022-04-07 18:06:00', 'Terminada', 2, 'A'),
(10, 7, 'Trastornos de la alimentación ', 'Luis Miguel.', 'https://www.youtube.com/feed/subscriptions', 'documento-confe-pdf/configuringipv4staticanddefaultroutespdf.pdf', 1, 2, '2022-03-25 18:45:00', '2022-03-25 18:50:00', 'Terminada', 2, 'A'),
(11, 7, 'Reunion ', 'Luis Enrique', 'https://www.youtube.com', 'documento-confe-pdf/caso1-sigpdf.pdf', NULL, 2, '2022-03-25 20:07:00', '2022-03-26 19:08:00', 'Terminada', 5, 'A'),
(12, 7, 'Pruba de conferencia ', 'Luis Enrique', 'https//www.youtube.com', 'documento-confe-pdf/holamundopdf.pdf', NULL, 1, '2022-03-31 14:03:00', '2022-03-31 15:08:00', 'Terminada', 5, 'A'),
(13, 7, 'prueba de conferencia ', 'Juan Perez', 'https//prueva.com', 'documento-confe-pdf/como-estas-mundopdf.pdf', NULL, 1, '2022-04-13 17:06:00', '2022-04-14 14:03:00', 'Terminada', 3, 'A');

-- --------------------------------------------------------

--
-- Estructura de tabla para la tabla `especialidad`
--

CREATE TABLE `especialidad` (
  `id_espec` int(20) NOT NULL,
  `espec_descripsion` varchar(150) DEFAULT NULL,
  `estado` varchar(1) DEFAULT NULL
) ENGINE=InnoDB DEFAULT CHARSET=utf8;

--
-- Volcado de datos para la tabla `especialidad`
--

INSERT INTO `especialidad` (`id_espec`, `espec_descripsion`, `estado`) VALUES
(1, 'Pediatria', 'A'),
(2, 'Cardiologia', 'A'),
(3, 'Cirugia general', 'A'),
(4, 'Cirugía Plástica', 'A');

-- --------------------------------------------------------

--
-- Estructura de tabla para la tabla `inv_cientifica`
--

CREATE TABLE `inv_cientifica` (
  `id_inv` int(20) NOT NULL,
  `id_medico_inv` int(20) DEFAULT NULL,
  `titulo_inv` varchar(150) DEFAULT NULL,
  `autor_inv` varchar(150) DEFAULT NULL,
  `resume_inv` varchar(6000) DEFAULT NULL,
  `introducion_inv` varchar(2000) DEFAULT NULL,
  `pclave_inv` varchar(250) DEFAULT NULL,
  `Antecedente_inv` varchar(2000) DEFAULT NULL,
  `objetivoge_inv` varchar(2000) DEFAULT NULL,
  `objetivoes_inv` varchar(2000) DEFAULT NULL,
  `justificasion_inv` varchar(2000) DEFAULT NULL,
  `hipotesis_inv` varchar(2000) DEFAULT NULL,
  `metodologia_inv` varchar(1000) DEFAULT NULL,
  `bibliografia` varchar(480) DEFAULT NULL,
  `referencias_inv` varchar(1600) DEFAULT NULL,
  `cotegoria_inv` int(20) DEFAULT NULL,
  `fecha_inv` date DEFAULT NULL,
  `me_gusta_inv` int(30) DEFAULT NULL,
  `estado` varchar(1) DEFAULT NULL
) ENGINE=InnoDB DEFAULT CHARSET=utf8;

--
-- Volcado de datos para la tabla `inv_cientifica`
--

INSERT INTO `inv_cientifica` (`id_inv`, `id_medico_inv`, `titulo_inv`, `autor_inv`, `resume_inv`, `introducion_inv`, `pclave_inv`, `Antecedente_inv`, `objetivoge_inv`, `objetivoes_inv`, `justificasion_inv`, `hipotesis_inv`, `metodologia_inv`, `bibliografia`, `referencias_inv`, `cotegoria_inv`, `fecha_inv`, `me_gusta_inv`, `estado`) VALUES
(1, 7, 'Investigación Clínica en tiempos de COVID-19', 'María Alicia Mordojovich, M.D., M.Sc.1 Gabriel Cavada, Ph.D.1 ', 'La pandemia de COVID-19 representa un enorme desafío a la sociedad, y en particular a la comunidad médica y científica en diferentes ámbitos, desde el cuidado personal, el teletrabajo combinado con la asistencia a pacientes COVID-19 y no COVID-19 y el enorme caudal de información a procesar, clasificar e integrar o no al quehacer clínico. Pero este desafío aún va más allá y nos obliga a generar evidencia que contribuya al conocimiento científico y médico en el diagnóstico, tratamiento y prevención de la enfermedad y sus complicaciones. Esta información de buena calidad y no sesgada es necesaria hoy, no cuando la pandemia haya cedido1.\r\n\r\nDesde el inicio de la pandemia en Wuhan en diciembre de 2019, así como los casos, la información ha aumentado exponencial y desorganizadamente: modo de contagio, cuadro clínico, imágenes, respuestas a tratamientos, métodos diagnósticos, factores de riesgo y mucho más. Mucha de la información inicial ha surgido desde la experiencia en China, que con 82.784 casos generó gran parte del conocimiento en especial observacional de los primeros meses. Más recientemente ha aumentado la información y publicaciones de los países europeos y EE. UU., muchos de ellos aún más afectados que China2.', 'Existe muchas áreas de incertidumbre que están en el día a día de la discusión clínica y que debemos ir iluminando con conocimiento científico sólido. Por ejemplo: ¿cuál es el rol del uso de mascarillas en la prevención de la expansión de la epidemia?; ¿cuál es el riesgo/beneficio de medicamentos hipotensores inhibidores de la Enzima Convertidora de Angiotensina 2 (IECAs y ARA2)? ¿cuál es la eficacia de usar hidroxicloroquina o cloroquina?; ¿qué inmunoterapia usar en qué fase de la enfermedad? Todas estas interrogantes en medio de mucha información parcial, pseudocientífica o errónea que es rápidamente difundida por medios de comunicación y redes sociales.\r\n\r\nLos investigadores de ciencias básicas y clínicas, salubristas, epidemiólogos, bioestadísticos, tienen el deber ético de reunir información, procesarla y comunicarla durante la pandemia a fin proponer métodos de prevención y cuidados de salud. Para esto debemos, urgentemente crear las condiciones adecuadas en varios ámbitos.', 'covid19,sanidad', 'Los equipos de investigación clínica, las instituciones de salud y académicas debieran organizarse, colaborar y contar con las facilidades, en la medida de los posible, para generar en forma expedita datos clínicos y epidemiológicos a partir de estudios observacionales y participar activamente de ensayos clínicos a gran escala para probar nuevos tratamientos y vacunas para enfrentar el COVID-19.\r\n\r\nPara los estudios que venían desarrollándose antes del inicio de la pandemia, la principal preocupación debiera orientarse a proteger a los pacientes que participan en ensayos clínicos tanto del contagio de COVID-19 como la de asegurar la continuidad de sus tratamientos y cuidados médicos.\r\n\r\nLas autoridades sanitarias y de investigación debieran incorporar el fortalecimiento y expansión de la investigación biomédica en los planes de inversión y desarrollo en el corto, mediano y largo plazo, ya que lo que estamos viviendo hoy seguramente lo volveremos a vivir en el futuro.', 'Los editores de revistas médicas chilenas y divulgación científica en general debieran promover la publicación de experiencias nacionales creando las condiciones para rápida evaluación y divulgación de estas publicaciones evaluadas por pares en áreas COVID-19 específicos dentro de sus portales.\r\n\r\nFinalmente debemos impulsar la racionalidad y cautela en las múltiples intervenciones que se proponen en protocolos clínicos, manteniendo un escepticismo saludable e incertidumbre clínica ante la falta o los bajos niveles de evidencia. En especial debemos estar alertas frente a los sesgos de disponibilidad, el anclaje y el sesgo de confirmación3.', 'Este es uno de esos momentos donde la capacidad y la velocidad de generación y difusión de conocimiento biomédico de calidad pueden significar para las personas la diferencia entre contagiarse o no, entre tener una enfermedad grave o una leve, entre salir del ventilador mecánico o no. También para los hospitales la diferencia entre tener o no capacidad de atender a estos y otros pacientes y para las naciones, la diferencia entre atenuar o no el profundo impacto sanitario, social y económico que conlleva la peor pandemia de los últimos 100 años.', 'Los comités ético científico acreditados en el país y sus organismos reguladores debieran considerar las circunstancias de emergencia sanitaria mundial, realizando revisiones éticas aceleradas, y cuando las circunstancias descritas por las pautas ética internacionales, como son:\r\n\r\nla imposibilidad de obtener el consentimiento informado;\r\n\r\nel importante valor social de la investigación y\r\n\r\nque solo supone riesgos mínimos para los participantes, otorgar la exención de los consentimientos informados en los estudios observacionales.', 'Desde el inicio de la pandemia en Wuhan en diciembre de 2019, así como los casos, la información ha aumentado exponencial y desorganizadamente: modo de contagio, cuadro clínico, imágenes, respuestas a tratamientos, métodos diagnósticos, factores de riesgo y mucho más. Mucha de la información inicial ha surgido desde la experiencia en China, que con 82.784 casos generó gran parte del conocimiento en especial observacional de los primeros meses. Más recientemente ha aumentado la información y publicaciones de los países europeos y EE. UU., muchos de ellos aún más afectados que China2.', 'Existe muchas áreas de incertidumbre que están en el día a día de la discusión clínica y que debemos ir iluminando con conocimiento científico sólido. Por ejemplo: ¿cuál es el rol del uso de mascarillas en la prevención de la expansión de la epidemia?; ¿cuál es el riesgo/beneficio de medicamentos hipotensores inhibidores de la Enzima Convertidora de Angiotensina 2 (IECAs y ARA2)? ¿cuál es la eficacia de usar hidroxicloroquina o cloroquina?; ¿qué inmunoterapia usar en qué fase de la enfermedad? Todas estas interrogantes en medio de mucha información parcial, pseudocientífica o errónea que es rápidamente difundida por medios de comunicación y redes sociales.', '1. Roser M, Ritchie H, Ortiz-Ospina E. Coronavirus Disease (COVID-19) - Statistics and Research. Our World Data [Internet]. 2020; Available from: https://ourworldindata.org/coronavirus [citado el 10 de abril de 2020]. [ Links ]\r\n\r\n2. Global research on coronavirus disease (COVID-19) [Internet]. Available from: https://www.who.int/emergencies/diseases/novel-coronavirus-2019/global-research-on-novel-coronavirus-2019-ncov [citado el 10 de abril de 2020]. [ Links ]\r\n\r\n3. Zagury-O', '', 2, '2021-10-27', 25, 'A');

-- --------------------------------------------------------

--
-- Estructura de tabla para la tabla `inv_comentario`
--

CREATE TABLE `inv_comentario` (
  `id_comen_inv` int(20) NOT NULL,
  `id_inve_com` int(20) DEFAULT NULL,
  `id_medico_com` int(20) DEFAULT NULL,
  `tex_cominv` varchar(600) DEFAULT NULL,
  `fecha_inv` date DEFAULT NULL,
  `estado` varchar(1) DEFAULT NULL
) ENGINE=InnoDB DEFAULT CHARSET=utf8;

--
-- Volcado de datos para la tabla `inv_comentario`
--

INSERT INTO `inv_comentario` (`id_comen_inv`, `id_inve_com`, `id_medico_com`, `tex_cominv`, `fecha_inv`, `estado`) VALUES
(1, 1, 1, 'me gusta', '2021-10-27', 'A');

-- --------------------------------------------------------

--
-- Estructura de tabla para la tabla `medico`
--

CREATE TABLE `medico` (
  `id_medico` int(20) NOT NULL,
  `nombre_medico` varchar(80) DEFAULT NULL,
  `apellido_medico` varchar(150) DEFAULT NULL,
  `user_medico` varchar(250) DEFAULT NULL,
  `link_foto` varchar(250) DEFAULT NULL,
  `email_me` varchar(150) DEFAULT NULL,
  `lugar_trabajo` varchar(150) DEFAULT NULL,
  `area_me` varchar(150) DEFAULT NULL,
  `cargo_me` varchar(180) DEFAULT NULL,
  `experiencia_me` int(11) DEFAULT NULL,
  `codigo_medico` varchar(160) DEFAULT NULL,
  `especialidadm` int(20) DEFAULT NULL,
  `provincia_me` varchar(150) DEFAULT NULL,
  `idRol` int(20) DEFAULT NULL,
  `contrasena_me` varchar(280) DEFAULT NULL,
  `estado` varchar(1) DEFAULT NULL
) ENGINE=InnoDB DEFAULT CHARSET=utf8;

--
-- Volcado de datos para la tabla `medico`
--

INSERT INTO `medico` (`id_medico`, `nombre_medico`, `apellido_medico`, `user_medico`, `link_foto`, `email_me`, `lugar_trabajo`, `area_me`, `cargo_me`, `experiencia_me`, `codigo_medico`, `especialidadm`, `provincia_me`, `idRol`, `contrasena_me`, `estado`) VALUES
(1, 'Luis Enrique', 'Gomez', 'luis55', 'foto2.jpg', 'LuisEnrique@gmailcom', 'Clínica San Agustinian', 'Investigación', 'Médico', 7, 'ADFdD455', 2, 'La Vega', 2, 'aG9sYQ==', 'A'),
(2, 'admin', 'perez', 'admin2', 'perfil_default.jpg', NULL, NULL, NULL, NULL, NULL, '1234', 1, 'Santiago', 2, 'MTIzNDU=', 'A'),
(3, 'Maria', 'Capellan', 'mariacapellan', 'fotomari.jpg', 'mariacapellena@gmail.com', 'Centro Médico Padre Fantino', 'Asistencial', 'Estudiantes de medicina', 6, 'ALDKA32', 4, 'La Vega', 2, 'MTIzNDU=', 'A'),
(4, 'Juan Miguel', 'Vasquez', 'juean1234', 'perfil_default.jpg', NULL, NULL, NULL, NULL, NULL, 'ALDKKD52234', 3, 'Santiago', 2, 'MTIzNDU=', 'A'),
(5, 'Mario', 'Baldez', 'mario123', 'perfil_default.jpg', NULL, NULL, NULL, NULL, NULL, 'addsdk234', 1, 'Valverde', 2, 'MTIzNDU=', 'A'),
(6, 'Luis Miguel', 'Tejada', 'miguel88', 'perfil_default.jpg', NULL, NULL, NULL, NULL, NULL, '9573453', 1, 'La Vega', 2, 'MTIzNDU=', 'A'),
(7, 'Roberto', 'Vasquez', 'rober21', 'carame.jpg', 'RobertoVasquez@gmail.com', 'Clínica San Agustinian', 'Asistencial', 'Médico', 5, 'lajd234', 2, 'Santiago Rodríguez', 2, 'MTIzNDU=', 'A'),
(8, 'Manuel', 'Lopez', 'Manuel123', 'perfil_default.jpg', NULL, NULL, NULL, NULL, NULL, 'asdfad34', 1, 'Santiago Rodríguez', 3, 'MTIzNDU=', 'A'),
(9, 'Rosalita', 'Gomez', 'rosalita676', 'perfil_default.jpg', NULL, NULL, NULL, NULL, NULL, 'ada345', 3, 'San Francisco de Macorís', 2, 'MTIzNDU=', 'A'),
(10, 'Jose Luis', 'Lopez', 'jose1234', 'perfil_default.jpg', NULL, NULL, NULL, NULL, NULL, 'adw234', 3, 'San Francisco de Macorís', 2, 'MTIzNDU=', 'A'),
(11, 'Marta', 'Vasquez', 'marta21', 'perfil_default.jpg', NULL, NULL, NULL, NULL, NULL, 'asdfa123', 2, 'San Francisco de Macorís', 2, 'MTIzNDU=', 'A'),
(12, 'Miguelina', 'Lopez', 'miguelina87', '', NULL, NULL, NULL, NULL, NULL, 'adada234', 1, 'Santiago', 3, 'MTIzNDU=', 'A'),
(13, 'Juan Rodrigue', 'Vasquez', 'juan67', 'perfil_default.jpg', NULL, NULL, NULL, NULL, NULL, 'adfa234', 1, 'La Vega', 2, 'MTIzNDU=', 'A'),
(14, 'Luisa', 'Perez', 'luisa20', 'perfil_default.jpg', NULL, NULL, NULL, NULL, NULL, 'fadsd234', 1, 'La Vega', 2, 'MTIzNDU=', 'A'),
(15, 'Jesus', 'Vasquez', 'Jesus_vasquez12', 'perfil_default.jpg', 'JesusVasquez@gmail,com', 'Materno Infantil San Lorenzo de Los Mina', 'Administrativa', 'Médico interino', 3, 'E3R4D46', 2, NULL, 2, 'MTIzNDU=', 'I');

-- --------------------------------------------------------

--
-- Estructura de tabla para la tabla `publicacion`
--

CREATE TABLE `publicacion` (
  `id_public` int(20) NOT NULL,
  `id_medico_pu` int(20) DEFAULT NULL,
  `titulo_public` varchar(100) DEFAULT NULL,
  `autor_pu` varchar(180) DEFAULT NULL,
  `text_public` varchar(2000) DEFAULT NULL,
  `contendio_pdf` blob DEFAULT NULL,
  `referencia_pu` varchar(680) DEFAULT NULL,
  `link_imagen` varchar(150) DEFAULT NULL,
  `link_video` varchar(150) DEFAULT NULL,
  `link_audio` varchar(150) DEFAULT NULL,
  `link_archivo` varchar(150) DEFAULT NULL,
  `fecha_public` date DEFAULT NULL,
  `categoria_public` int(20) DEFAULT NULL,
  `etiqueta` varchar(2000) DEFAULT NULL,
  `me_gusta_pu` int(11) DEFAULT NULL,
  `estado_articulo` varchar(20) DEFAULT NULL,
  `estado` varchar(1) DEFAULT NULL
) ENGINE=InnoDB DEFAULT CHARSET=utf8;

--
-- Volcado de datos para la tabla `publicacion`
--

INSERT INTO `publicacion` (`id_public`, `id_medico_pu`, `titulo_public`, `autor_pu`, `text_public`, `contendio_pdf`, `referencia_pu`, `link_imagen`, `link_video`, `link_audio`, `link_archivo`, `fecha_public`, `categoria_public`, `etiqueta`, `me_gusta_pu`, `estado_articulo`, `estado`) VALUES
(1, 1, 'Guía de Limpieza y Desinfección de  Superficies Hospitalarias', '', '<p>Uno de los principales desafíos que enfrenta el Sistema Nacional de Salud es lograr que los establecimientos de salud sean lugares seguros para los pacientes y sus familiares, así como para el personal que en ellos labora. En relación con los riesgos biológicos, reducirlos requiere fortalecer las medidas de bioseguridad como estrategia efectiva de contención de la transmisión de patógenos y de prevención de las Infecciones Asociadas a la Atención en Salud (IAAS). Si bien los pacientes constituyen el principal reservorio de microorganismos causantes de IAAS, algunos pueden ser transmitidos a través del ambiente, sobre todo de las superficies y de los equipos de las áreas dedicadas a la atención, las cuales actúan como fuente de infección al entrar en contacto con secreciones y fluidos provenientes de los pacientes. Existe asociación entre la adecuada higienización de las superficies contaminadas, mediante limpieza y desinfección, y la reducción del riesgo de trasmisión cruzada y de brotes de IAAS ocasionados por ciertos agentes infecciosos. Además, la limpieza y la desinfección mejoran el aspecto estético de los establecimientos de salud y contribuyen a aumentar la confianza y el confort de los pacientes.</p>', '', '', '', '', '', 'documento-confe-pdf/prueva.pdf', '2021-10-26', 1, 'Limpiesa,ordenar', 10, 'Publico', 'A'),
(2, 3, 'Ámbito de actuación de la cardiología en los nuevos escenarios clínicos.', 'Javier Escaned Barbosaa, Eulalia Roig Minguella, Francisco J Chorro Gascóa, Eduardo De Teresa Galvána, Manuel Jiménez Menaa, Esteban López de Sá y Aresesa, Fernando Alfonso Mantero', 'La cardiología es la disciplina o especialidad médica encargada de la prevención, el diagnóstico y el tratamiento de las enfermedades cardiovasculares. Al constituir la principal causa de morbimortalidad en España y en la Unión Europea1, los profesionales de la cardiología tienen, respecto a otras especialidades médicas, una responsabilidad y autoridad morales añadidas, derivadas de la relevancia que tiene para la sociedad un ejercicio excelente de la lucha contra la enfermedad cardiovascular. De ahí la importancia de efectuar un seguimiento de las rápidas transiciones que en el momento actual se están dando en los órdenes sociales, administrativos, educativos, asistenciales y profesionales, transiciones que necesariamente condicionarán nuevos contextos para el ejercicio de la cardiología y para sus profesionales.', NULL, '1.Murray JL, Lopez AD..\r\nAlternative projections of mortality and disability by cause 1990-2020: Global Burden of Disease Study..\r\nLancet, 349 (1997), pp. 1498-504.\r\n2 .Escaned J, Rydén L, Zamorano JL, Poole-Wilson P, Fuster V, Gitt A, et al..\r\nTendencias y contextos en la práctica de la cardiología en los próximos 15 años. La Declaración de Madrid: un documento de la Conferencia Europea sobre el Futuro de la Cardiología, Madrid, 2-3 de junio de 2006..\r\nRev Esp Cardiol, 60 (2007), pp. 294-8\r\n3.De Teresa-Galván E, Alonso-Pulpón L, Barber P, Bover Freire R, Castro Beiras A, Cruz Fernández JM, et al..\r\nDesequilibrio entre la oferta y las necesidades de cardiólogos en España.', '', '', '', 'documento-word/13116204docx.docx', '2021-10-26', 2, 'docx', 35, 'Publico', 'A'),
(3, 4, 'CIRUGÍA GENERAL,Explicacion.', 'autor', 'La cirugía general es la especialidad médica de clase quirúrgica que abarca las operaciones del aparato digestivo; incluyendo el tracto gastrointestinal y el sistema hepato-bilio-pancreático, el sistema endocrino; incluyendo las glándulas suprarrenales, tiroides, paratiroides, mama y otras glándulas incluidas en el aparato digestivo. Asimismo incluye la reparación de hernias y eventraciones de la pared abdominal. En estas áreas de la cirugía no se precisa un especialista aunque el cirujano general puede especializarse en alguna de ellas. Esto no es igual en todos los países ya que en algunos es considerada una especialidad más y se entiende por super especialización la profundización en una de sus ramas quirúrgicas.', NULL, '1.Documento de manejo clínico del paciente pediátrico y pacientes de riesgo con infección por SARS-CoV-2. En: Asociación Española de Pediatría [en línea] [consultado el 07/06/2021]', '', 'videos/ciruga-general480pmp4.mp4', '', '', '2021-10-26', 3, 'mp4', 30, 'Publico', 'A'),
(4, 1, 'COVID-19 en Pediatría: investigación, publicaciones  y evidencia', 'Ochoa Sangrador C\r\n, Pérez-Moneo Agapito B\r\n, Fernández Rodríguez MM', 'La pandemia por el virus SARS-CoV-2 ha provocado cambios \r\ndrásticos en nuestra vida diaria, además de importantes consecuencias sanitarias y socioeconómicas. Aunque el mayor \r\nimpacto en morbimortalidad se ha producido en personas \r\nmayores, los niños y adolescentes se han visto también afectados, bien como objeto de enfermedad, habitualmente leve \r\ncon un reducido número de formas graves, o bien como destino de medidas de confinamiento y distanciamiento social. La \r\nlucha contra la pandemia ha supuesto un reto colectivo para \r\nnuestros sistemas sanitarios, que han tenido que realizar cambios improvisados en su organización asistencial, pero también un reto individual para cada uno de los profesionales \r\nsanitarios, que hemos debido enfrentarnos a la toma de decisiones diagnóstico-terapéuticas, en ausencia de experiencia o \r\nevidencia publicada en las que sustentarnos1-4.', NULL, '1.Documento de manejo clínico del paciente pediátrico y pacientes de riesgo con infección por SARS-CoV-2. En: Asociación Española de Pediatría [en línea] [consultado el 07/06/2021]. Disponible en: www.aeped.es/sites/default/files/b26-11-_aep-seip-secip-seup._documento_de_manejo_clinico_del_paciente_pediatrico.pdf\r\n2.Documento técnico manejo en Atención Primaria del COVID-19. En: Ministerio de Sanidad [en línea] [consultado el 07/06/2021]. Disponible en: www.mscbs.gob.es/profesionales/saludPublica/ccayes/alertasActual/nCov-China/documentos/Manejo_primaria.pdf\r\n3.Alcalá Minagorre PJ, Villalobos Pinto E, Ramos Fernández JM, Rodríguez-Fernández R, Vázquez Ronco M, Escosa-Garc', '', '', '', 'documento-pdf/14editorialcovid-19pdf.pdf', '2021-10-27', 1, 'pdf', 40, 'Publico', 'A'),
(5, 7, '¿De dónde viene?', '<p>autor</p>', '<p>Al contrario del pensamiento popular, el texto de Lorem Ipsum no es simplemente texto aleatorio. Tiene sus raices en una pieza cl´sica de la literatura del Latin, que data del año 45 antes de Cristo, haciendo que este adquiera mas de 2000 años de antiguedad. Richard McClintock, un profesor de Latin de la Universidad de Hampden-Sydney en Virginia, encontró una de las palabras más oscuras de la lengua del latín, \"consecteur\", en un pasaje de Lorem Ipsum, y al seguir leyendo distintos textos del latín, descubrió la fuente indudable. Lorem Ipsum viene de las secciones 1.10.32 y 1.10.33 de \"de Finnibus Bonorum et Malorum\" (Los Extremos del Bien y El Mal) por Cicero, escrito en el año 45 antes de Cristo. Este libro es un tratado de teoría de éticas, muy popular durante el Renacimiento.</p>', '', '<p>fuente</p>', '', '', '', 'documento-pdf/6401pdf.pdf', '2021-11-03', 2, 'prueva,error', 10, 'Publico', 'A'),
(6, 7, '¿Por qué lo usamos?', 'autor', 'Es un hecho establecido hace demasiado tiempo que un lector se distraerá con el contenido del texto de un sitio mientras que mira su diseño. El punto de usar Lorem Ipsum es que tiene una distribución más o menos normal de las letras, al contrario de usar textos como por ejemplo \"Contenido aquí, contenido aquí\". Estos textos hacen parecerlo un español que se puede leer. Muchos paquetes de autoedición y editores de páginas web usan el Lorem Ipsum como su texto por defecto, y al hacer una búsqueda de \"Lorem Ipsum\" va a dar por resultado muchos sitios web que usan este texto si se encuentran en estado de desarrollo. Muchas versiones han evolucionado a través de los años, algunas veces por accidente, otras veces a propósito (por ejemplo insertándole humor y cosas por el estilo).', NULL, 'referncias', '', '', '', 'documento-pdf/6401pdf.pdf', '2021-11-06', 0, 'pdf', 10, 'Publico', 'A'),
(7, 7, '', '', '', '', '', '', '', '', 'documento-pdf/estilo-apapdf.pdf', '2021-11-07', 0, 'lugar,donde,como', 10, 'Publico', 'A'),
(8, 7, '¿Qué es el VIH y el sida?', '<p>Luis Perez</p>', '<p>VIH significa virus de inmunodeficiencia humana. Daña su sistema inmunitario al destruir las células CD4, un tipo de glóbulo blanco que combate las infecciones. La pérdida de estas células hace más difícil el luchar contra las infecciones y ciertos tipos de cáncer relacionados con el VIH. Sin tratamiento, el VIH puede destruir de a poco el sistema inmunitario y convertirse en sida, o síndrome de inmunodeficiencia adquirida. Es la etapa final de la infección con VIH. No todas las personas con VIH desarrollan sida.</p>', '', '<p>1.Documento de manejo clínico del paciente pediátrico y pacientes de riesgo con infección por SARS-CoV-2. En: Asociación Española de Pediatría [en línea] [consultado el 07/06/2021].</p>', NULL, NULL, NULL, 'documento-pdf/guia-limpiezapdf.pdf', '2022-03-23', 2, 'VIH,sexo,enfermedad', 20, 'Publico', 'A'),
(9, 1, 'Resistencia a los antibiótico', 'Luis Enrique', 'Los antibióticos son medicamentos que combaten las infecciones bacterianas. Usados correctamente, pueden salvar vidas pero hay un creciente problema de resistencia a antibióticos. Esto ocurre cuando las bacterias cambian y resisten el efeto del antibiótico. Las bacterias resistentes pueden seguir creciendo y multiplicarse.\r\n\r\nCada vez que toma antibióticos, existe un riesgo que la bacteria se vuelva resistente. Las infecciones resistentes pueden ser complejas y, en ocasiones, imposibles de tratar. Se pueden propagar a otras personas. También pueden causar infecciones que ciertos antibióticos no pueden curar. Un ejemplo es el estafilococo resistente a la meticilina (Staphylococcus aureus resistente a la meticilina, o SARM). Causa infecciones que son resistentes a varios antibióticos comunes.', NULL, '1.Documento de manejo clínico del paciente pediátrico y pacientes de riesgo con infección por SARS-CoV-2. En: Asociación Española de Pediatría [en línea] [consultado el 07/06/2021].', NULL, NULL, NULL, 'documento-pdf/guia-limpiezapdf.pdf', '2022-03-23', 1, NULL, 15, 'Publico', 'A'),
(10, 7, 'titulo', '<p>autores</p>', '<p>resumen</p>', '', '<p>bibliografia</p>', '', '', '', 'documento-pdf/enrutamientocap2pdf.pdf', '2022-03-26', 3, 'pdf', 10, 'Publico', 'A'),
(11, 7, 'Prueba', '<p>Luis Enrique</p>', '<p>hola</p>', 0x3c703e3c7374726f6e673ec2bf5175c3a9206573206c61206d65646963696e612062617361646120656e2065766964656e636961733f3c2f7374726f6e673e3c2f703e3c703e44722e20416e746f6e696f2043617374656c6c616e6f732d4f6c6976617265732c2a204472612e20506574726120497369646f72612056c3a1737175657a2d4dc3a1727175657a2a2a3c2f703e3c703e2a20416e657374657369c3b36c6f676f20636f6e204d6165737472c3ad6120656e204369656e63696173204dc3a964696361732c204a6566652064656c20536572766963696f20646520416e6573746573696f6c6f67c3ad612c2050726f6665736f7220746974756c61722064656c20437572736f20556e697665727369746172696f20646520457370656369616c697a616369c3b36e20656e20416e6573746573696f6c6f67c3ad612c20507265736964656e74652064656c20436f6c6567696f204d65786963616e6f20646520416e6573746573696f6c6f67c3ad612c20412e432e3c2f703e3c703e2a2a20416e657374657369c3b36c6f676120636f6e204d6165737472c3ad6120656e20496e766573746967616369c3b36e20436cc3ad6e6963612e20554d414520486f73706974616c20646520457370656369616c69646164657320c2ab44722e204265726e6172646f20536570c3ba6c766564612047c2bb2e266e6273703b3c2f703e3c703e43656e74726f204dc3a96469636f204e6163696f6e616c205369676c6f205858492c20494d53532e3c2f703e3c703e3c62723e266e6273703b3c2f703e3c68323e494e54524f4455434349c3934e3c2f68323e3c703e4c6120726573706f6e736162696c696461642074616e746f206d6f72616c20636f6d6f2070726f666573696f6e616c206465206c6f73206dc3a96469636f7320657320746f6d6172206465636973696f6e6573207061726120656c206d616e656a6f20696e74656772616c206465207375732070616369656e7465732c206465206163756572646f20636f6e20756e20636f6e746578746f206f7267616e697a61646f2079207375206d6564696f20616d6269656e74652c20696e636c7579656e646f207265637572736f73207920657870657269656e6369612070726f666573696f6e616c2e3c2f703e3c703e556e206e7565766f20706172616469676d6120736520616e65786120612065737461206174656e6369c3b36e207061726120717565207365612073656775726120792064652063616c696461642c20646963686f20706172616469676d61206573206c61206d65646963696e612062617361646120656e206c612065766964656e63696120284d424529206c61206375616c207669656e652061207365722066756e64616d656e74616c20656e206c6120746f6d61206465206465636973696f6e65732c20746f6d616e646f20656e206375656e7461206c6173206361726163746572c3ad737469636173206465206c6f732070616369656e7465732c20737573206e656365736964616465732079207375732076616c6f7265732e20547261646963696f6e616c6d656e7465206c6f7320616e657374657369c3b36c6f676f732070726f706f7263696f6e616d6f73206174656e6369c3b36e206dc3a96469636120636f6e206261736520656e206c6120657870657269656e63696120706572736f6e616c2061647175697269646120706f722061c3b16f732079206e75657374726f2061636572766f20646520636f6e6f63696d69656e746f732c2071756520696e636c75796520696e666f726d616369c3b36e206f6274656e69646120647572616e7465206e75657374726f2070726f6365736f20666f726d617469766f20636f6d6f20657370656369616c6973746173206f2074616e2072656369656e746520636f6d6f20756e20617274c3ad63756c6f207175652061636162616d6f73206465206c6565723b2073696e20656d626172676f2c206573206e75657374726120726573706f6e736162696c69646164206576616c756172206c612063616c69646164206465206c612065766964656e63696120792074616d6269c3a96e20646562656d6f73207365722070727564656e74657320636f6e206c6120636f6d62696e616369c3b36e2071756520686163656d6f73206465206c6173207072756562617320636f6e206c6173206e656365736964616465732064656c2070616369656e74652c20656e206573656e636961206573746f206573206c61207072c3a16374696361206465206c6120616e6573746573696f6c6f67c3ad612c207574696c697a6172206c61206d656a6f722065766964656e63696120646973706f6e69626c6520656e20656c206d6f6d656e746f20656e207175652073652070726573656e746120656c2070726f626c656d612e3c2f703e3c703e506f72206c6f2074616e746f206c612061706c6963616369c3b36e206465206c6120616e6573746573696f6c6f67c3ad612062617361646120656e206c612065766964656e636961206e6f732070756564652061797564617220656e206c6120746f6d61206465206465636973696f6e657320717565206469617269616d656e7465206e6f73206c616e7a6120756e206465736166c3ad6f2e2041756e717565206c6f73207072696e636970696f73206465206c61204d42452073652068616e2061706c696361646f20656e206469666572656e7465732831293c7374726f6e673e266e6273703b3c2f7374726f6e673e6e6976656c6573206465206c6173206469736369706c696e6173206dc3a964696361732e20456e20657374612070726573656e74616369c3b36e2076616d6f7320612064617220756e612076697369c3b36e2067656e6572616c203c7374726f6e673e484953544f524941204445204c41204d45444943494e4120424153414441266e6273703b3c2f7374726f6e673e3c2f703e3c703e266e6273703b3c2f703e3c68323e3c62723e454e204c412045564944454e4349413c2f68323e3c703e4c61204d4245206e6f2065732074616e2072656369656e746520636f6d6f206d7563686f73206dc3a96469636f7320637265656e2c2073656e63696c6c616d656e746520657869737465206c612074656e64656e636961206465206e6f2068616365726c612065766964656e746520706f72206c6120646966692063756c7461642071756520726570726573656e74612073752061706c6963616369c3b36e2e205365207361626520717565206465737075c3a973206465206c6120636f727269656e74652041726973746f74c3a96c6963612064656c207369676c6f20585649492c2054686f6d617320426564646f65732028313736302d31383038292066756520756e6f206465206c6f73207072696d65726f7320656e2061706f79617220656c20656a6572636963696f206465206c61207072c3a16374696361206dc3a964696361207574696c697a616e646f206c61206d656a6f722065766964656e6369612c20c3a96c2066756520756e206dc3a96469636f20696e676cc3a97320636f6e6f6369646f20706f7220737573206372c3ad74696361732061206c6120666f726d6120656e207175652073652070726163746963616261206c61206d65646963696e6120656e20617175656c6c6120c3a9706f63612c20617267756d656e7461626120717565206c61206d65646963696e612064656c207369676c6f20585649494920736520686162c3ad6120636f6e7665727469646f20656e20756e207365637265746f207920706f72206c6f2074616e746f20736520686162c3ad6120657374616e6361646f2e20457869737469656e646f20756e206d616c657374617220706f72206c617320696d70657266656363696f6e6573207920656c20616275736f20656e206c61206d65646963696e61206174656e74616e646f20636f6e747261206c6120736567757269646164206465206c612076696461206465206c6f732070616369656e7465732832292e2045737461626c656369c3b3206c612062617365206e65756dc3a1746963612070617261206c617320746572617069617320646520696e68616c616369c3b36e2c20646520686563686f207375732074726162616a6f7320736f6272652067617365732079207661706f7265732c206dc3a17320746172646520736572c3ad616e2066756e64616d656e74616c65732070617261206c6120616e6573746573696120696e68616c61746f7269612e3c2f703e3c703e456e204672616e63696120647572616e746520656c205369676c6f20584958206c61204d424520657320696d70756c7361646120706f722050696572726520432e20416c6578616e646572204c6f7569732c20426963686f742079204d6167656e6469652070726f6d6f746f726573206465206c61206d65646963696e61206465206f6273657276616369c3b36e2c20736f7374656ec3ad616e20717565206c6f73206dc3a96469636f7320656e207375207072c3a16374696361206173697374656e6369616c206e6f2073c3b36c6f20736520646562c3ad616e20626173617220656e206c6120657870657269656e63696120706572736f6e616c207920656e20737520617072656369616369c3b36e2070617261206166726f6e746172206c617320656e6665726d6564616465733b20616c756469656e646f2071756520737520657870657269656e636961207920617072656369616369c3b36e20646562c3ad616e20736f706f72746172736520636f6e206c6f7320726573756c7461646f73206465206c617320696e7665737469676163696f6e657320717565206d6f7374726172616e2065666563746f73206375616e74696669206361626c65732833292e3c2f703e3c703e5065726f20667565206120706172746972206465206c612064c3a963616461206465206c6f7320736573656e74617320656e206c612045736375656c61266e6273703b3c2f703e3c703e3c62723e266e6273703b3c2f703e3c703e6465206c6f20717565206573206c61206d65646963696e612062617361646120656e206c612065766964656e63696120284d4245292c2064652d206465204d65646963696e61206465206c6120556e697665727369646164206465204d634d617374657220656e2048616d696c746f6e206d6f7374726172656d6f732063c3b36d6f2073652070756564652061706c696361722061206c61207072c3a1637469636120646961726961206465206c61203c7374726f6e673e7777772e6d656469677261706869632e6f72672e6d783c2f7374726f6e673e4f6e746172696f2c2043616e6164c3a1206375616e646f20736520696e69636961206168c3ad20756e2070726f6772616d612065647563617469766f266e6273703b3c2f703e3c703e616e6573746573696f6c6f67c3ad612c20656e20636170c3ad74756c6f20617061727465206578706c6f72616d6f7320737573206c696d69746163696f6e657320696e7465726469736369706c696e6172696f206c6c616d61646f2045647563616369c3b36e2042617361646120656e2050726f626c656d617320792070726f706f6e6472656d6f7320657374726174656769617320736f62726520636f6d6f20706f6472656d6f7320656e7472656e61722061206d75792073696d696c61722061206c61204d42452c20616d62617320657374726174656769617320656475636174697661732c2070617274656e206c6f73206dc3a96469636f73207265736964656e746573207920636f6c65676173207061726120616c63616e7a6172206c612061706c6963616369c3b36e206465206c61206964656e746966692063616369c3b36e20646520756e2070726f626c656d6120646520656e6665726d65646164206f20636f6dc3ba74696c206465206c61204d424520656e20656c206d616e656a6f20696e74656772616c2064656c2070616369656e746520616e65737465736961646f2e20706c6963616369c3b36e206465206c61206d69736d6120656e206c6f732070616369656e74657320717565206f626c6967616e206120627573636172266e6273703b3c2f703e3c703e4573746520617274c3ad63756c6f2070756564652073657220636f6e73756c7461646f20656e207665727369c3b36e20636f6d706c65746120656e20687474703a2f2f3c7374726f6e673e7777772e6d656469677261706869632e636f6d2f726d613c2f7374726f6e673e3c2f703e3c703e3c7374726f6e673e53323336266e6273703b266e6273703b266e6273703b266e6273703b203c2f7374726f6e673e52657669737461204d65786963616e6120646520416e6573746573696f6c6f67c3ad612043617374656c6c616e6f732d4f6c6976617265732041207920636f6c2e3c693e20c2bf5175c3a9206573206c61206d65646963696e612062617361646120656e2065766964656e636961733f3c2f693e3c2f703e3c703e3c62723e266e6273703b3c2f703e3c703e6c61206d656a6f722065766964656e63696120792061706c6963617220656c20726573756c7461646f206dc3a173206365727465726f2070617261207265736f6c76657220646963686f2070726f626c656d612e204dc3a17320746172646520617061726563656e20656e20656c20657363656e6172696f2064652065737465206e7565766f20706172616469676d61206c6c616d61646f204d42452c20656c2065737461646f756e6964656e7365204461766964205361636b657474207920656c2062726974c3a16e69636f2041726368696520436f636872616e652c207065726f20717569656e2061636162c3b320646520616375c3b1617220656c2074c3a9726d696e6f20646520c2ab6d65646963696e612062617361646120656e206c612065766964656e636961c2bb2066756520476f72646f6e204775796174742834292e3c2f703e3c703e526573756d69656e646f20706f64656d6f73206465636972207175652c2061756e717565206c6f732066756e6461646f726573206465206c61204d4245206c652064616e20696d706f7274616e6369612061206c6120696e766573746967616369c3b36e206375616c697461746976612c2073752076657264616465726f2070656e73616d69656e746f20612074726176c3a9732064656c207469656d706f2c206861207369646f20656c206dc3a9746f646f206369656e74c3ad666920636f20636f6e2066756e64616d656e746f206375616e746974617469766f20636f6d6f206f726967656e20646520746f646120646563697369c3b36e20636cc3ad6e6963612c20636f6d6f20736f706f7274652066756e64616d656e74616c206465206c61206d65646963696e612062617361646120656e206c612065766964656e6369612835292e3c2f703e3c703e4461766964205361636b6574742064656669206e65206c61204d424520636f6d6f3a20c2ab656c2075736f20636f6e736369656e74652c206578706cc3ad6369746f2079206a756963696f736f206465206c61206d656a6f722065766964656e63696120646973706f6e69626c652070617261206c6120746f6d61206465206465636973696f6e657320736f62726520656c206375696461646f2064656c2070616369656e746520696e646976696475616cc2bb2836292e3c7374726f6e673e266e6273703b3c2f7374726f6e673e4573746f207369676e69666920636120717565206c6120696e74656772616369c3b36e206465206c6120657870657269656e63696120636cc3ad6e69636120696e646976696475616c20636f6e206c61206d656a6f722065766964656e63696120636cc3ad6e6963612065787465726e6120646973706f6e69626c6520726573756c7461646f206465206c6120696e766573746967616369c3b36e2073697374656dc3a1746963612c2070756564656e2073657220756e6120616c65616369c3b36e20636173692070657266656374612070617261207265736f6c766572206c612070726f626c656dc3a1746963612064652073616c7564206465206e75657374726f732070616369656e74657320636f6e206c61207265636f6e6f63696461206465737472657a6120696e74656c65637475616c206465206c6f7320616e657374657369c3b36c6f676f73206269656e20666f726d61646f732e3c2f703e3c68323e4241534553204445204c41204d45444943494e412042415341444120454e204c412045564944454e4349413c2f68323e3c703e417061726563656e20656e206c61206c6974657261747572612063756174726f20666f726d617320646520617975646172206dc3a9646963616d656e7465206120756e20656e6665726d6f3a2061797564612073696e206e696e67756e61207265666c20657869c3b36e3b20617975646120727574696e617269612071756520736572c3ad6120636f6e20756e612064657465726d696e61646120666f726d61206465206861636572206c617320636f7361733b206179756461206dc3a16769636120717565207265637572726972c3ad61206120636f6e6f63696d69656e746f73206f63756c746f7320286368616d616e657269617329207920656c206dc3a9746f646f2074c3a9636e69636f20717565207375706f6e65206861636572206c617320636f73617320726163696f6e616c6d656e74652834292e20536567c3ba6e204d6172696f2042756e676520656c206772616e206f626a657469766f206465206c61204d65646963696e61204d6f6465726e61206573206861636572206c617320636f73617320726163696f6e616c6d656e7465207573616e646f20656c206d656a6f7220636f6e6f63696d69656e746f20646973706f6e69626c652c206573746f20696d706c69636120686163657220756e61206576616c75616369c3b36e206372c3ad746963612064656c20636f6e6f63696d69656e746f20636cc3ad6e69636f206578697374656e74653a2074616e746f20646961676ec3b3737469636f20636f6d6f207465726170c3a9757469636f20792070726f6ec3b3737469636f2837292e3c2f703e3c703e4173c3ad206c612065766964656e636961206465206c6120696e766573746967616369c3b36e20656e20616e65737465736961206573206c61206d656a6f7220657374726174656769612070617261206c6173206465636973696f6e657320696e646976696475616c6573206465206c6f732070616369656e74657320656e206c6f732070616369656e7465732079206c6f732073697374656d61732064652073616c75642e20456c20656e666f717565206465206c61204d42452068697a6f207265766f6c756369c3b36e20656e203230303120616c20656e6672656e74617273652061206c6120656e7365c3b1616e7a6120747261646963696f6e616c206465206c61206d65646963696e6120656e206c6120717565206c6f7320656c656d656e746f73207072696e636970616c6573206465206c612065647563616369c3b36e206572616e206c6120636f6d7072656e7369c3b36e206465206c6f73206d6563616e69736d6f732066692073696f7061746f6cc3b36769636f732062c3a17369636f73206465206c6120656e6665726d656461642061756e61646f2061206c6120657870657269656e63696120636cc3ad6e69636120706572736f6e616c2064656c206dc3a96469636f2074726174616e74652e3c2f703e3c703e3c7374726f6e673e434f4d504f4e454e544553204445204c41204d45444943494e412042415341444120454e266e6273703b3c2f7374726f6e673e3c2f703e3c68323e4c412045564944454e4349413c2f68323e3c703e45737465206e7565766f20706172616469676d6120636f6e736973746520656e206c6120696e74656772616369c3b36e206465206c6120657870657269656e63696120636cc3ad6e6963612070617261206d616e656a61722061206c6f732070616369656e746573206465206d616e65726120696e646976696475616c20636f6e206c61206d656a6f722065766964656e636961207175652070726f63656465206465206c6120696e766573746967616369c3b36e206369656e74c3ad6669206361206465737075c3a973206465206861626572207265616c697a61646f20756e61206372c3ad74696361206375696461646f73612079206578686175737469766120646520646963686120696e766573746967616369c3b36e2838292e3c7374726f6e673e266e6273703b3c2f7374726f6e673e4c6120657870657269656e63696120636cc3ad6e69636120657374c3a1206461646120656e206c6f73206dc3a96469636f7320706f7220656c206a756963696f20636cc3ad6e69636f20616c20646961676e6f737469636172207920747261746172206465206d616e65726120636572746572612c2076c3a16c696461207920656665637469766120612074726176c3a973206465206c61207072c3a1637469636120717565207265616c697a616e20706f7220756e207469656d706f2073756669206369656e74652074616c20717565206c6573207065726d6974652068616365727365206578706572746f732e2050617261206c6f6772617220656c20736567756e646f20636f6d706f6e656e7465206465206c61204d424520657320696e64697370656e7361626c6520736567756972206c6f732063756174726f207061736f7320717565206d756573747261206c61206669206775726120312e3c2f703e3c703e4c6120636f6e73747275636369c3b36e206465206c612065766964656e63696120636f6d69656e7a6120636f6e206c612062c3ba73717565646120656e206c61206c697465726174757261206dc3a96469636120646520746f646f73206c6f73206573747564696f73206578697374656e7465732064656c2074656d612073656c656363696f6e61646f2c2061706f79c3a16e646f6e6f7320656e20746f646173206c6173206675656e74657320646520696e666f726d616369c3b36e2071756520696e636c7579616e20696e636c75736f206c6f73206573747564696f73206e6f207075626c696361646f73206f6274656e69656e646f206173c3ad206c6120696e666f726d616369c3b36e2072656c6576616e7465207061726120656c206375696461646f2064656c2070616369656e74652c20706f73746572696f726d656e7465206573206e656365736172696f20656c20616ec3a16c69736973206465206361646120617274c3ad63756c6f20706172612076616c6f726172206c612063616c6964616420792061706c69636162696c69646164206465206c6f732068616c6c617a676f732064656c206d69736d6f2c207365207265636f6d69656e6461207265616c697a617220726573c3ba6d656e65732065737472756374757261646f732071756520736f6e206dc3a17320696e666f726d617469766f7320696e636c7579656e646f206573746164c3ad737469636120686f6d6f67c3a96e65612c20696e74657276616c6f7320646520636f6e666920616e7a612c206ec3ba6d65726f2064652070616369656e7465733b20657463c3a9746572612e3c2f703e3c703e457320646520766974616c20696d706f7274616e6369612073656c656363696f6e6172206c6f73206d656a6f72657320726573756c7461646f7320646973706f6e69626c657320736f62726520656c2074656d61206465206163756572646f20636f6e206c6f73206e6976656c65732064652065766964656e63696120636f6d6f207365206d75657374726120656e206c61206669206775726120322e3c2f703e3c703e4e6f736f74726f7320706f64656d6f732073656c656363696f6e6172206c6f7320656e7361796f7320636cc3ad6e69636f7320636f6e74726f6c61646f732c206d657461616ec3a16c69736973206f207265766973696f6e65732073697374656dc3a174696361732071756520736f6e206c6f732064697365c3b16f73206465206dc3a17320616c74612065766964656e636961207920636f6e20677261646f73206465207265636f6d656e64616369c3b36e20636f6e20756e2062656e6566692063696f206e65746f2073757374616e6369616c2079206d6f64657261646f202843756164726f204920292e3c2f703e3c703e506172612064656369646972207175c3a920696e74657276656e63696f6e657320646562656e20696d706c616e746172736520656e20756e2070726f626c656d6120636cc3ad6e69636f206573706563c3ad666920636f2c20636f6e7369646572616e646f206c6f732076616c6f7265732c206e65636573696461646573207920707265666572656e6369612064656c2070616369656e74652e3c2f703e3c703e3c62723e266e6273703b3c2f703e3c703e266e6273703b3c2f703e3c703e566f6c756d656e2033392c205375706c656d656e746f20312c20616272696c2d6a756e696f2032303136266e6273703b266e6273703b266e6273703b266e6273703b266e6273703b203c7374726f6e673e53323337266e6273703b3c2f7374726f6e673e43617374656c6c616e6f732d4f6c6976617265732041207920636f6c2e3c693e20c2bf5175c3a9206573206c61206d65646963696e612062617361646120656e2065766964656e636961733f3c2f693e3c2f703e3c703e3c62723e266e6273703b3c2f703e3c703e4573206e656365736172696f20706c616e656172206c6120666f726d6120656e207175652073652072657375656c766520656c2070726f626c656d612064656c2070616369656e746520284669677572612033292e20437579612065786967656e63696120636f6e736973746520656e20666f726d756c61722061646563756164616d656e746520756e612070726567756e746120656e20666f726d61206573747275637475726164612c20717565206573206c612076657264616465726120667565727a61206465206c61206d65646963696e612062617361646120656e206c612065766964656e6369612e3c2f703e3c703e4c6120666f726d756c616369c3b36e206465206c612070726567756e7461205049434f2065732073756d616d656e746520696d706f7274616e74652070617261206c6f6772617220656c20636f6e6f63696d69656e746f206573706563c3ad666920636f20616365726361206465206c612073697475616369c3b36e2064656c2070616369656e746520656e206573747564696f2e205469656e652063756174726f20636f6d706f6e656e7465733a2070616369656e7465206f20706f626c616369c3b36e2c20696e74657276656e6369c3b36e2c20636f6d706172616369c3b36e207920726573756c7461646f206465206168c3ad20656c2074c3a9726d696e6f205049434f20717565206120636f6e74696e75616369c3b36e20736520696c757374726128392920284669677572612034292e3c2f703e3c703e457320696e64697370656e7361626c6520706c616e746561726c6120616e74657320646520696e74656e746172206c612062c3ba737175656461206465206c612065766964656e63696120656e206c61206c6974657261747572612e204c612070726567756e74612073652064656265206469766964697220656e2063756174726f20636f6d706f6e656e746573206120726573706f6e646572283130293a3c2f703e3c6f6c3e3c6c693e3c7374726f6e673e50616369656e7465206f20706f626c616369c3b36e266e6273703b3c2f7374726f6e673ec2bf4375c3a16c20657320656c2070726f626c656d61207072696d6172696f3f2c20c2bf736f627265207175c3a920677275706f732071756572656d6f7320696e666f726d616369c3b36e3f2c20c2bf63c3b36d6f2071756965726f206c6120646573637269706369c3b36e206465206c6f732070616369656e7465732073696d696c6172657320616c206465206d6920696e746572c3a9733f2079266e6273703b3c2f6c693e3c2f6f6c3e3c703e266e6273703b3c2f703e3c703e3c7374726f6e673e46696775726120322e3c2f7374726f6e673e20436c61736966692063616369c3b36e206465206163756572646f20636f6e20656c206e6976656c2064652065766964656e6369612e3c2f703e3c703ec2bf6375c3a16c657320736f6e206c6173207661726961626c65732072656c6576616e746573206465206d692070726567756e746120736f62726520656c2070616369656e7465206f20706f626c616369c3b36e206573747564696164613f3c2f703e3c6f6c3e3c6c693e3c7374726f6e673e496e74657276656e6369c3b36e3c2f7374726f6e673e20c2bf4465207175c3a9206576656e746f206dc3a96469636f2071756572656d6f7320636f6e6f63657220656c2065666563746f3f2c20c2bf6375c3a16c20696e74657276656e6369c3b36e20657374616d6f7320636f6e7369646572616e646f2c20707265736372696269656e646f20756e206d65646963616d656e746f2c206f7264656e616e646f20756e20616ec3a16c69736973206f20656e7669616e646f20656c2070616369656e74652061206369727567c3ad613f3c2f6c693e3c6c693e3c7374726f6e673e436f6d706172616369c3b36e2e203c2f7374726f6e673ec2bf436f6d70617261722061207175c3a93f2c20c2bf6d656a6f72206f2070656f7220717565206e6f20696e74657276656e6972206f20717565206f74726120696e74657276656e6369c3b36e3f2c20c2bf6375c3a16c206573206c61207072696e636970616c20616c7465726e6174697661207061726120636f6d706172617220636f6e206c6120696e74657276656e6369c3b36e2c20657374616d6f7320696e74656e74616e646f206465636964697220656e74726520646f73206d65646963616d656e746f732c20756e206d65646963616d656e746f207920756e20706c616365626f206f20646f73207072756562617320646961676ec3b37374696361733f20416c67756e6173207665636573206e6f2068617920636f6d706172616369c3b36e2e3c2f6c693e3c6c693e3c7374726f6e673e526573756c7461646f3c2f7374726f6e673e20646520496e676cc3a97320283c693e4f7574636f6d653c2f693e2920c2bf4375c3a16c20657320656c2065666563746f206465206c6120696e74657276656e6369c3b36e3f2c20c2bf7175c3a920657370657261732063756d706c69722c206d656469722c206d656a6f726172206f20616665637461722c20636f6e206573746120696e74657276656e6369c3b36e3f2c20c2bf7175c3a920657374c3a17320696e74656e74616e646f206861636572207061726120656c2070616369656e74652c206d656a6f726172206f20656c696d696e6172206c6f732073c3ad6e746f6d61732c2072656475636972206c6f732065666563746f73206164766572736f732c207265647563697220636f73746f733f2c20706f7220656a656d706c6f2c206d656a6f726172206c612063616c6964616420646520766964612e2046696e616c6d656e74652070617261206c61206576616c75616369c3b36e206372c3ad74696361206465206c612065766964656e636961206465206c6120696e766573746967616369c3b36e20656e20656c206375696461646f206465206c612073616c75642c206578697374656e2064697365c3b16f73206465206573747564696f7320706172612064657465726d696e616369c3b36e206465206c612063617573612c20656c20646961676ec3b3737469636f2c2070726f6ec3b3737469636f2c2070726576656e6369c3b36e2c2074726174616d69656e746f2079207265686162696c6974616369c3b36e206465206c6120656e6665726d65646164283131292e3c2f6c693e3c2f6f6c3e3c703e3c7374726f6e673e43756164726f20492e266e6273703b3c2f7374726f6e673e45737461626c6563696d69656e746f206465206c6173207265636f6d656e646163696f6e65732e3c2f703e3c66696775726520636c6173733d227461626c65223e3c7461626c653e3c74626f64793e3c74723e3c74643e43616c69646164206465206c612065766964656e6369613c2f74643e3c74643e42656e6566692063696f206e65746f2073757374616e6369616c3c2f74643e3c74643e42656e6566692063696f206e65746f206d6f64657261646f3c2f74643e3c74643e42656e6566692063696f206e65746f207065717565c3b16f3c2f74643e3c74643e42656e6566692063696f206e65746f206e756c6f206f206e6567617469766f3c2f74643e3c2f74723e3c74723e3c74643e4275656e613c2f74643e3c74643e413c2f74643e3c74643e423c2f74643e3c74643e433c2f74643e3c74643e443c2f74643e3c2f74723e3c74723e3c74643e4d6f6465726164613c2f74643e3c74643e423c2f74643e3c74643e423c2f74643e3c74643e433c2f74643e3c74643e443c2f74643e3c2f74723e3c74723e3c74643e4d616c613c2f74643e3c74643e453c2f74643e3c74643e453c2f74643e3c74643e453c2f74643e3c74643e453c2f74643e3c2f74723e3c2f74626f64793e3c2f7461626c653e3c2f6669677572653e3c703e3c62723e266e6273703b3c2f703e3c703e3c7374726f6e673e46696775726120332e3c2f7374726f6e673e3c2f703e3c703e546f6d6172206c6120646563697369c3b36e266e6273703b3c2f703e3c703e6465206c612061706c6963616369c3b36e2061206c61205061736f7320612073656775697220706172612061706c69636172206c61206d65646963696e61207072c3a1637469636120646961726961266e6273703b266e6273703b2062617361646120656e2065766964656e636961732e3c2f703e3c703e3c7374726f6e673e53323338266e6273703b266e6273703b266e6273703b266e6273703b203c2f7374726f6e673e52657669737461204d65786963616e6120646520416e6573746573696f6c6f67c3ad612043617374656c6c616e6f732d4f6c6976617265732041207920636f6c2e3c693e20c2bf5175c3a9206573206c61206d65646963696e612062617361646120656e2065766964656e636961733f3c2f693e3c2f703e3c703e6c6f7320726573756c7461646f73207469656e656e206d61796f722065766964656e636961206369656e74c3ad666920636120706f7220656c20636f6e74726f6c266e6273703b3c2f703e3c703e50203d2050616369656e74652f706f626c616369c3b36e266e6273703b646520736573676f732c20616c676f2071756520657320646966c3ad63696c206465206c6f6772617220656e206c6f73206573747564696f73206465207469706f206f62736572766163696f6e616c20646f6e6465206e6f2068617920636f6e74726f6c20646520666163746f72657320646520636f6e66757369c3b36e2e266e6273703b3c2f703e3c703e266e6273703b266e6273703b266e6273703b266e6273703b266e6273703b266e6273703b266e6273703b266e6273703b266e6273703b266e6273703b266e6273703b266e6273703b266e6273703b266e6273703b266e6273703b266e6273703b266e6273703b266e6273703b266e6273703b266e6273703b266e6273703b266e6273703b266e6273703b266e6273703b266e6273703b266e6273703b266e6273703b266e6273703b266e6273703b266e6273703b266e6273703b266e6273703b266e6273703b266e6273703b266e6273703b266e6273703b266e6273703b266e6273703b266e6273703b266e6273703b266e6273703b266e6273703b266e6273703b266e6273703b2049203d20496e74657276656e6369c3b36e266e6273703b266e6273703b204465206163756572646f20616c206573637269746f20646562656d6f732061666920726d61722071756520636164612064697365c3b16f207469656e65266e6273703b3c2f703e3c703e50726567756e7461205049434f266e6273703b7375732070726f706961732076656e74616a61732079206375657374696f6e616d69656e746f73206573706563c3ad666920636f732e3c2f703e3c703e43203d20436f6d706172616369c3b36e3c2f703e3c703e3c7374726f6e673e434f4e434c5553494f4e45533c2f7374726f6e673e3c2f703e3c703e4f203d20526573756c7461646f3c2f703e3c703e3c62723e266e6273703b3c2f703e3c703e3c7374726f6e673e46696775726120342e3c2f7374726f6e673e20456c656d656e746f73206465206c612070726567756e7461205049434f2e3c2f703e3c703e506f72206c6f20717565206c61206576616c75616369c3b36e206372c3ad7469636120646520636164612065766964656e636961206573206469666572656e7465206465206163756572646f20636f6e2063616461206573747564696f20656a656d706c6f20656e20756e206573747564696f206465206576616c75616369c3b36e206465206d656469646173207465726170c3a97574696361732c20736520726571756965726520646520756e2064697365c3b16f207469706f20656e7361796f20636cc3ad6e69636f20636f6e74726f6c61646f20646f6e6465206c6120617369676e616369c3b36e2061206c6f732074726174616d69656e746f73207365206861636520616c6561746f7269616d656e74652079206c61206576616c75616369c3b36e206465206c6f7320726573756c7461646f73207365207265616c697a6120646520666f726d6120646f626c656d656e74652061206369656761732c206173c3ad204465206163756572646f20636f6e206c6f207175652068656d6f73206573637269746f206573206dc3a173207175652065766964656e746520717565206c61206d65646963696e612062617361646120656e206c612065766964656e636961206e6f20657374c3a1206469766f726369616461206465206c61207072c3a1637469636120636cc3ad6e696361206465206c6f73206578706572746f73206e69206465206c6f732076616c6f7265732079206e65636573696461646573206465206c6f732070616369656e7465732e204dc3a173206269656e20657320756e20636f6d706c656d656e746f2070617261206c6120657870657269656e63696120636cc3ad6e69636120656e206375616c71756965722063616d706f206465206c61206d65646963696e612c207175652073752061706c6963616369c3b36e20636f6d69656e7a6120636f6e20756e612070726567756e7461206269656e206573747275637475726164612c20746f6d616e646f20656e206375656e74612063756174726f20656c656d656e746f732064656e74726f206465206c612070726567756e74612071756520736f6e2070616369656e746573206f20706f626c6163696f6e65732c20696e74657276656e6369c3b36e2c20636f6d706172616369c3b36e207920726573756c7461646f732e3c2f703e3c703e3c62723e266e6273703b3c2f703e3c68323e5245464552454e434941533c2f68323e3c66696775726520636c6173733d227461626c65223e3c7461626c653e3c74626f64793e3c74723e3c74643e3c703e312e266e6273703b3c2f703e3c703e322e266e6273703b3c2f703e3c703e332e20342e20352e266e6273703b3c2f703e3c703e362e266e6273703b3c2f703e3c2f74643e3c74643e3c703e53746576657320522c20486f6f746d616e204a4d2e2045766964656e63652d6261736564206d65646963696e653a207768617420697320697420616e6420686f7720646f6573206974206170706c7920746f206174686c6574696320747261696e696e673f204a204174686c20547261696e2e20323030343b33393a38332d38372e3c2f703e3c703e547265766f7220482e2054686f6d617320426564646f6573204d442c20313736302d313830382e204d656420486973742e20313938353b32393a3334312e266e6273703b45636865766572726920524a2e204d65646963696e612062617361646120656e206c612065766964656e6369613a206f72c3ad67656e65732c206669206c6f736f66c3ad612079206c696e65616d69656e746f732e205265762055726f6c20323030313b31323a36362e3c2f703e3c703e426f6e6669206c6c20582c20436162656c6c6f204a2e204c61206d65646963696e612062617361646120656e206c612065766964656e6369612e266e6273703b526576204573702043617264696f6c2e20313939373b35303a3831392d3832352e3c2f703e3c703e476961636f6d696e69204d4b2e2054686520726f636b7920726f61643a207175616c697461746976652072657365617263682061732065766964656e63652e20414350204a20436c75622e20323030313b3133343a4131312d4131332e3c2f703e3c703e5361636b65747420444c2c20526f73656e62657267204d43572c2047726179204a412c204861796e65732052422c2053636f74742052572e2045766964656e6365206261736564206d65646963696e653a207768617420697420697320616e6420776861742069742069736ee28099742e20424d4a2e20313939363b31323a37312d37322e3c2f703e3c2f74643e3c74643e3c6f6c3e3c6c693e42756e6765204d412c2047617263c3ad61204a4c2c2053656d70657265204a2e2028747261642e292054656f72c3ad612079207265616c696461642e2042617263656c6f6e613a20417269656c20313938312c2070702e2038392d3130372e3c2f6c693e3c6c693e416b6f62656e6720414b2e205072696e6369706c6573206f662065766964656e6365206261736564206d65646963696e652e266e6273703b4172636820446973204368696c642e20323030353b39303a3833372d3834302e3c2f6c693e3c6c693e5363686172647420432c204164616d73204d422c204f77656e7320542c204b6569747a20532c20466f6e74656c6f20502e205574696c697a6174696f6e206f6620746865205049434f206672616d65776f726b20746f20696d70726f766520736561726368696e67205075624d656420666f7220636c696e6963616c207175657374696f6e732e266e6273703b424d43204d656420496e666f726d204465636973204d616b2e20323030373b373a31362e3c2f6c693e3c6c693e416e6472657720426f6f746820412e20436c65617220616e642070726573656e74207175657374696f6e733a20666f726d756c6174696e67207175657374696f6e7320666f722065766964656e63652062617365642070726163746963652e266e6273703b4c69627261727920486920546563682e20323030363b32343a3335352d3336382e3c2f6c693e3c6c693e4775796174742047482e2045766964656e63652d6261736564206d65646963696e65205b656469746f7269616c5d2e266e6273703b414350204a20436c75622e20313939313b3131343a412d31362e3c2f6c693e3c2f6f6c3e3c2f74643e3c2f74723e3c2f74626f64793e3c2f7461626c653e3c2f6669677572653e3c703e3c7374726f6e673e7777772e6d656469677261706869632e6f72672e6d783c2f7374726f6e673e3c2f703e, '<p>libro miguel</p>', '', '', '', 'documento-pdf/medico.pdf', '2022-04-08', 2, 'pdf', 10, 'Publico', 'A'),
(12, 7, 'hola', '<p>hola</p>', '<p>hola</p>', '', '<p>hola</p>', '', '', '', 'documento-pdf/medico.pdf', '2022-04-08', 1, 'pdf', 10, 'Publico', 'A'),
(13, 7, '¿De dónde viene?', '<p>Luis Enrique</p>', '<p>Prueba como estas</p><p><strong>Al contrario del pensamiento</strong> popular, el<i> texto de Lorem Ipsum</i> no es simplemente texto aleatorio. Tiene sus raices en una pieza cl´sica de la literatura del Latin, que data del año 45 antes de Cristo, haciendo que este adquiera mas de 2000 años de antiguedad. Richard McClintock, un profesor de Latin de la Universidad de Hampden-Sydney en Virginia,</p>', '', '<p>libro ipsum</p>', '', '', '', 'documento-pdf/holamundo.pdf', '2022-04-08', 2, 'lugar,zona,montalla', 10, 'Publico', 'A'),
(14, 7, 'Titulo prueba', '<p>Jase vasquez</p>', '<p>resumen</p>', 0x3c703e636f6e74656e69646f3c2f703e, '<p>bibliografia</p>', NULL, NULL, NULL, 'documento-pdf/como-estas-mundo.pdf', '2022-04-10', 1, 'etiqueta1,etiquet2,etiqueta3', 10, 'Publico', 'A');
INSERT INTO `publicacion` (`id_public`, `id_medico_pu`, `titulo_public`, `autor_pu`, `text_public`, `contendio_pdf`, `referencia_pu`, `link_imagen`, `link_video`, `link_audio`, `link_archivo`, `fecha_public`, `categoria_public`, `etiqueta`, `me_gusta_pu`, `estado_articulo`, `estado`) VALUES
(15, 7, 'Enfermedades Cardiovasculares', '<p>Maria capellan, Luis benua,Luis Enrique</p>', '<p>Las enfermedades cardiovasculares (EECCVV) en general, y el grupo de enfermedades ateroescleróticas (cardiopatía isquémica, ictus, hipertensión) en particular, son poco frecuentes en la mujer antes de la menopausia.&nbsp;</p><p>Como consecuencia, tradicionalmente se ha considerado que las</p><p>EECCVV eran cosa de hombres o problemas inevitables de la vejez por un reduccionismo a considerar que las EECCVV son sólo el infarto agudo de miocardio por ser esta la manifestación mas frecuente en los hombres en la edad media de la vida.&nbsp;</p>', 0x3c68323e494e54524f4455434349c3934e3c2f68323e3c703e4c617320656e6665726d6564616465732063617264696f76617363756c6172657320284545434356562920656e2067656e6572616c2c207920656c20677275706f20646520656e6665726d65646164657320617465726f6573636c6572c3b37469636173202863617264696f706174c3ad612069737175c3a96d6963612c2069637475732c20686970657274656e7369c3b36e2920656e20706172746963756c61722c20736f6e20706f636f206672656375656e74657320656e206c61206d756a657220616e746573206465206c61206d656e6f7061757369612e266e6273703b3c2f703e3c703e436f6d6f20636f6e73656375656e6369612c20747261646963696f6e616c6d656e746520736520686120636f6e736964657261646f20717565206c61733c2f703e3c703e454543435656206572616e20636f736120646520686f6d62726573206f2070726f626c656d617320696e6576697461626c6573206465206c612076656a657a20706f7220756e20726564756363696f6e69736d6f206120636f6e7369646572617220717565206c61732045454343565620736f6e2073c3b36c6f20656c20696e666172746f20616775646f206465206d696f63617264696f20706f72207365722065737461206c61206d616e6966657374616369c3b36e206d6173206672656375656e746520656e206c6f7320686f6d6272657320656e206c612065646164206d65646961206465206c6120766964612e266e6273703b3c2f703e3c703e5065726f206c61206369656e63696120686f79206e6f732064696365207175652c20706f7220656c20636f6e74726172696f2c266e6273703b206c61732045454343565620736f6e20756e2070726f626c656d612064652073616c7564206d61796f7269746172696f20656e206c61206d756a65722c20717565206c617320666f726d6173206372c3b36e69636173206465206c61732045454343565620736f6e206d61732070726576616c656e746573207920717565206e6f20736f6e2070726f626c656d617320696e6576697461626c6573206465206c6120656461642073696e6f20717565206578697374656e20696e74657276656e63696f6e657320656669636163657320706172612073752070726576656e6369c3b36e20792074726174616d69656e746f2e266e6273703b3c2f703e3c703e456e20657374612073657369c3b36e206578616d696e6172656d6f7320646573646520756e612070657273706563746976612064652067c3a96e65726f206c6173207072696e636970616c6573206361726163746572c3ad737469636173206465206c6173204545434356562c20636f6e20657370656369616c207265666572656e63696120613c2f703e3c703e6c612063617264696f706174c3ad612069737175c3a96d696361206f20636f726f6e6172696120656e203720617061727461646f733a3c2f703e3c703e312e436c617369666963616369c3b36e3c2f703e3c703e322e496e64696361646f7265732c206672656375656e636961206520696d706f7274616e6369612c266e6273703b3c2f703e3c703e332e466973696f7061746f6c6f67c3ad61207920666163746f7265732064652072696573676f3c2f703e3c703e342e4d616e69666573746163696f6e6573206469666572656e6369616c657320656e206d756a65726573207920686f6d627265733c2f703e3c703e352e416374756163696f6e657320706172612073752070726576656e6369c3b36e207920636f6e74726f6c3c2f703e3c703e362e4173706563746f73206573706563c3ad6669636f732064656c20656e666f7175652064652067c3a96e65726f3c2f703e3c703e372e436f6e636570746f732066756e64616d656e74616c65732064652067c3a96e65726f3c2f703e3c703e506f7220c3ba6c74696d6f2073652070726f706f7263696f6e616e207265666572656e63696173206269626c696f6772c3a166696361732070617261206c6120616d706c69616369c3b36e2064656c2074656d612e3c2f703e3c68323e4f424a455449564f53204445204c4120554e49444144266e6273703b3c2f68323e3c703e416c2066696e616c697a617220656c206573747564696f206465206573746120756e69646164206c6f732f6c6173207061727469636970616e746573206465206573746520637572736f206465626572c3a16e2073616265723a3c2f703e3c703e3c7374726f6e673e312e2d2044697374696e67756972266e6273703b3c2f7374726f6e673e7920656e756d65726172206c6f7320677275706f73207072696e636970616c657320646520454543435656207920636f6e6f636572206c6173206469666572656e63696173206465206c61206672656375656e636961206465206c6173266e6273703b20454543435656206465206361757361206172746572696f6573636c6572c3b37469636120736567c3ba6e20656461642079207365786f2e3c2f703e3c703e3c7374726f6e673e322e2d204375c3a16c6573266e6273703b3c2f7374726f6e673e736f6e206c6f73207072696e636970616c657320666163746f7265732064652072696573676f2063617264696f76617363756c61722079206c6173207072696e636970616c6573206469666572656e636961732064652067c3a96e65726f2c3c2f703e3c703e3c7374726f6e673e332e2d204375c3a16c6573266e6273703b3c2f7374726f6e673e736f6e206c61207072696e636970616c6573206d616e69666573746163696f6e657320636cc3ad6e69636173206465206c61206172746572696f6573636c65726f7369732079207375206469666572656e74652070726573656e74616369c3b36e20792070726f6ec3b3737469636f20736567c3ba6e20656c2067c3a96e65726f2e3c2f703e3c703e3c7374726f6e673e342e2d20436f6e6f636572266e6273703b3c2f7374726f6e673e6375c3a16c657320736f6e206c6173206573747261746567696173207061726120656c20636f6e74726f6c206465206c6173204545434356562e3c2f703e3c703e3c62723e266e6273703b3c2f703e3c68323e312e436c617369666963616369c3b36e206465206c6173204545434356563c2f68323e3c703e456c2074c3a9726d696e6f2045454343565620657320756e20636f6e636570746f2067656ec3a97269636f2071756520656d706c65616d6f73207061726120726566657269726e6f73206120756e20636f6e6a756e746f206465207061746f6c6f67c3ad6173207920656e6665726d65646164657320646976657273617320656e2073757320636175736173206f206574696f6c6f67c3ad61207920656e20737573206d616e69666573746163696f6e657320636cc3ad6e6963617320287369676e6f7320792073c3ad6e746f6d6173292e20536567c3ba6e206c61207665727369c3b36e2058206465206c6120436c617369666963616369c3b36e20496e7465726e6163696f6e616c20646520456e6665726d656461646573206465206c61204f4d5320284349452d5829206c6f73206772616e64657320677275706f73206465206c617320656e6665726d6564616465732064656c206170617261746f2063697263756c61746f72696f20736f6e3a3c2f703e3c756c3e3c6c693e3c7374726f6e673e466965627265207265756dc3a1746963612061677564613c2f7374726f6e673e3c2f6c693e3c6c693e3c7374726f6e673e43617264696f706174c3ad6173207265756dc3a17469636173206372c3b36e696361733c2f7374726f6e673e3c2f6c693e3c6c693e3c7374726f6e673e456e6665726d65646164657320686970657274656e736976617320696e636c7579656e646f206c612065636c616d707369612028686970657274656e7369c3b36e20647572616e746520656c20656d626172617a6f293c2f7374726f6e673e3c2f6c693e3c6c693e3c7374726f6e673e43617264696f706174c3ad612069737175c3a96d6963612028696e666172746f206465206d696f63617264696f2c20616e67696e6120646520706563686f293c2f7374726f6e673e3c2f6c693e3c6c693e3c7374726f6e673e456e6665726d656461642063617264696f70756c6d6f6e6172266e6273703b3c2f7374726f6e673e3c2f6c693e3c6c693e3c7374726f6e673e4f7472617320656e6665726d6564616465732064656c20636f72617ac3b36e2028702e652e2061727269746d696173206520696e737566696369656e6369612063617264c3ad61636120656e747265206f74726173293c2f7374726f6e673e3c2f6c693e3c6c693e3c7374726f6e673e456e6665726d656461646573206365726562726f76617363756c617265732028702e652e2068656d6f7272616769612c2064657272616d652c656d626f6c69612c2074726f6d626f7369732c2061706f706c656ac3ad6120636572656272616c206f206963747573293c2f7374726f6e673e3c2f6c693e3c6c693e3c696d67207372633d2266696c653a2f2f2f433a2f55736572732f6c756973652f417070446174612f4c6f63616c2f54656d702f6d736f68746d6c636c6970312f30312f636c69705f696d6167653030332e6a7067223e3c7374726f6e673e456e6665726d656461646573206465206c61732061727465726961732028702e652e20617465726f73636c65726f7369732c20616e65757269736d612c656d626f6c696120792074726f6d626f73697320617274657269616c657320656e747265206f74726173292e202d20456e6665726d656461646573206465206c61732076656e61732028702e652e2074726f6d626f666c656269746973293c2f7374726f6e673e3c2f6c693e3c6c693e3c7374726f6e673e4d616c666f726d6163696f6e657320636f6e67c3a96e697461732064656c2073697374656d612063697263756c61746f72696f3c2f7374726f6e673e3c2f6c693e3c6c693e3c7374726f6e673e4d75657274652073c3ba626974613c2f7374726f6e673e3c2f6c693e3c2f756c3e3c703e456e206c617320736f6369656461646573206f63636964656e74616c6573207920656e20616c67756e617320736f63696564616465732064652065636f6e6f6dc3ad617320656d657267656e74657320707265646f6d696e616e206c6173204545434356562063757961207061746f6c6f67c3ad6120737562796163656e7465206573206c61206172746572696f6573636c65726f7369732079206c612074726f6d626f73697320617274657269616c20636f6e73656375656e74652e2044656e74726f20646520657374617320656e6665726d65646164657320736520656e6375656e7472616e2c20656e747265206f747261732c206c612063617264696f706174c3ad612069737175c3a96d6963612c206c61206d61796f72c3ad61206465206c617320656e6665726d656461646573206365726562726f76617363756c617265732c206c6120656e6665726d6564616420686970657274656e736976612c207061727465206465206c6120696e737566696369656e6369612063617264c3ad6163612c20616c67756e6f73266e6273703b616e65757269736d61732079206c61732074726f6d626f73697320617274657269616c65732e20456e20616c67756e6f7320c3a16d6269746f732079207061c3ad7365732c207365207469656e646520612064656e6f6d696e617220656e6665726d656461642063617264696f76617363756c61722c2061206c612063617264696f706174c3ad612069737175c3a96d6963612c207065726f20656c6c6f20657320696d7072656369736f2079206461206c75676172206120636f6e66757369c3b36e2c2070756573746f2071756520656e2064657465726d696e616461732063697263756e7374616e6369617320616c206861626c617220646520656e6665726d656461642063617264696f76617363756c617220736520696e636c7579652074616d6269c3a96e20656c2069637475732e266e6273703b3c2f703e3c703e456e20657374612073657369c3b36e206861626c6172656d6f73207072696e636970616c6d656e7465206465206c612063617264696f706174c3ad612069737175c3a96d6963612c20636f6e20616c67756e6173207265666572656e6369617320616c2069637475732e3c2f703e3c703e322e3c7374726f6e673e496e64696361646f7265732c206672656375656e636961206520696d706f7274616e6369613c2f7374726f6e673e3c2f703e3c703e266e6273703b3c2f703e3c703e4c6f732074726573207469706f73206465203c7374726f6e673e696e64696361646f726573266e6273703b3c2f7374726f6e673e6d6173206672656375656e74656d656e7465207574696c697a61646f7320656e2045706964656d696f6c6f67c3ad6120706172612076616c6f726172206c61206672656375656e63696120646520756e6120656e6665726d6564616420736f6e206c6f7320696e64696361646f726573206465203c7374726f6e673e6d6f7274616c696461642c206d6f7262696c696461642079206c6574616c696461643c2f7374726f6e673e2e20456e206c6f7320646f73207072696d65726f732c2073652070756564656e207574696c697a617220696e64696361646f726573206465206ec3ba6d65726f206162736f6c75746f206f266e6273703b2064652074617361732e204c6173207461736173207365206f627469656e656e206465206c6120646976697369c3b36e2064656c206ec3ba6d65726f206162736f6c75746f20706f7220656c2074616d61c3b16f206465206c6120706f626c616369c3b36e206465206c61206375616c2073757267656e206c6f73206361736f732c2065787072657361646f20656e206dc3ba6c7469706c6f206465206369656e2c2067656e6572616c6d656e746520312c30303020c3b3203130302c3030302e204c61732074617361732070756564656e20736572206272757461732c206573706563c3ad666963617320706f7220656461642c207365786f2075206f74726173206361726163746572c3ad7374696361732c206f20616a757374616461732e204c617320746173617320616a7573746164617320736f6e2074617361732066696374696369617320717565207365206f627469656e656e2061706c6963616e646f206c6120657870657269656e63696120646520756e6120706f626c616369c3b36e2061206f7472612c266e6273703b20636f6e20656c206f626a65746f20646520706f64657220636f6d706172617220646f732074617361732e204c6f73206dc3a9746f646f73206dc3a17320636f6d756e65732064652063c3a16c63756c6f206465206c617320746173617320616a757374616461732070756564656e20656e636f6e747261736520656e206375616c7175696572206d616e75616c206465206573746164c3ad7374696361206f2064652045706964656d696f6c6f67c3ad612062c3a17369636f732e205061726120636f6d706172617220646f73206f206dc3a17320677275706f73206573206e656365736172696f207574696c697a61722074617361732065737065636966c3ad636173206f20616a757374616461732e20456e20616c67756e617320736974756163696f6e657320707565646520736572206e656365736172696f207574696c697a6172206ec3ba6d65726f73206162736f6c75746f7320706172612064657465726d696e6172206c61206361726761206173697374656e6369616c2e3c2f703e3c68323e322e312e31204d4f5254414c494441443c2f68323e3c703e4c6f7320696e64696361646f726573206465206d6f7274616c696461642070726f7669656e656e206465206c6173206573746164c3ad73746963617320766974616c6573206c6173206375616c657320736520656c61626f72616e2061207061727469722064656c2031303025206465206c6f7320636572746966696361646f7320646520646566756e6369c3b36e2c20656e206c6f73206375c3a16c657320656c206dc3a96469636f20636572746966696361206c617320636175736173206465206c61206d75657274652071756520736f6e20636f646966696361646173207920636c6173696669636164617320736567c3ba6e206c61204349452d582e204c6f7320696e64696361646f72657320636f6dc3ba6e6d656e7465207574696c697a61646f7320736f6e20656c206ec3ba6d65726f206162736f6c75746f20646520646566756e63696f6e65732c206c6173203c7374726f6e673e746173617320627275746173266e6273703b3c2f7374726f6e673e6465206d6f7274616c696461642c203c7374726f6e673e6573706563c3ad6669636173266e6273703b3c2f7374726f6e673e706f7220636175736120792f206f2065646164266e6273703b206f203c7374726f6e673e616a75737461646173266e6273703b3c2f7374726f6e673e7061726120656461642e3c2f703e3c68323e322e312e32204d4f5242494c494441443c2f68323e3c703e4c6f7320696e64696361646f726573206465206d6f7262696c696461642070726f7669656e656e206465206c6173206573746164c3ad73746963617320646520696e677265736f207920616c746120656e206c6f7320686f73706974616c657320646520616775646f732071756520736520636c617369666963616e2074616d6269c3a96e20736567c3ba6e206c61204349452e204465206573746120666f726d61207365206f627469656e656e20656c206ec3ba6d65726f20646520696e677265736f732079206c6173207461736120646520696e677265736f7320686f73706974616c6172696f7320736567c3ba6e2063617573612e2053696e20656d626172676f2c2070617261206f6274656e6572206c6173203c7374726f6e673e746173617320646520696e636964656e636961266e6273703b3c2f7374726f6e673e6573206e656365736172696f2068616365726c6f206120706172746972206465206c6f7320726567697374726f732065706964656d696f6cc3b26769636f732063726561646f7320612070726f70c3b37369746f2c20636f6d6f20706f7220656a656d706c6f206c6f7320726567697374726f732064652063c3a16e6365722c2064652053494441206f20646520696e666172746f20616775646f206465206d696f63617264696f2e20456e20656c206361736f20646520656e6665726d656461646573207175652070756564656e207265636964697661722c20636f6d6f20656c20696e666172746f20616775646f206465206d696f63617264696f2c206861626c616d6f73206465203c7374726f6e673e746173617320646520617461717565266e6273703b3c2f7374726f6e673e6375616e646f20736520696e636c7579656e20746f646f73206c6f73266e6273703b20657069736f64696f7320287072696d65726f73207920726563696469766173292e3c2f703e3c68323e322e312e33204c4554414c494441443c2f68323e3c703e536520656e7469656e646520706f72203c7374726f6e673e74617361206465206c6574616c696461643c2f7374726f6e673e2c206c612070726f706f726369c3b36e206465206361736f73207175652066616c6c6563656e2061206361757361206465206c6120656e6665726d656461642e3c2f703e3c68323e322e32204652454355454e434941204520494d504f5254414e4349413c2f68323e3c703e456e2045737061c3b161206d756572656e20636164612061c3b16f206d6173206465203132352c30303020706572736f6e6173206465204545434356562c206465206c6173206375616c657320656c2035352520736f6e206d756a657265732e204c61732045454343565620656e2067656e6572616c2c207920656c20677275706f20646520656e6665726d65646164657320617465726f6573636c6572c3b37469636173202863617264696f706174c3ad612069737175c3a96d6963612c2069637475732c20686970657274656e7369c3b36e2920656e20706172746963756c61722c20736f6e20706f636f206672656375656e74657320656e206c61206d756a657220616e746573206465206c61206d656e6f7061757369612e20456e2045737061c3b1612c206c61207072696d657261206361757361206465206d756572746520656e206c6f7320686f6d62726573206465737075c3a973206465206c6f732036352061c3b16f73206573206c612063617264696f706174c3ad612069737175c3a96d6963612c207065726f206d69656e747261732071756520656c206963747573206f20656e6665726d65646164206365726562726f76617363756c617220657320746f646176c3ad61206c61207072696d657261206361757361206465206d756572746520656e747265206c6173206d756a65726573206d61796f7265732064652036352061c3b16f732c20656c2072c3a17069646f2064657363656e736f20717565206c61206d6f7274616c6964616420706f72206963747573206861206578706572696d656e7461646f2c20736974756172c3a12070726f6e746f2061206c612063617264696f706174c3ad612069737175c3a96d69636120656e20656c207072696d6572206c75676172206465206c61206d6f7274616c696461642c2074616c20636f6d6f20737563656469c3b3207961206861636520616c67756e6f732061c3b16f7320636f6e206c6f7320686f6d627265732e204c6173206d756a657265732c20616c20696775616c20717565206c6f7320686f6d627265732c207469656e656e2072696573676f2064652063617264696f706174c3ad6120636f726f6e61726961207065726f20c3a97374612061706172656365206dc3a1732074617264653b2074c3ad706963616d656e7465206469657a2061c3b16f73206dc3a1732074617264652e266e6273703b2041206d656469646120717565206176616e7a61206c6120656461642c206c6120696e636964656e6369612079206c61206d6f7274616c6964616420706f722045454343565620656e206c61206d756a657265732c20616c20696775616c2071756520656e20656c20686f6d6272652c2061756d656e74616e202846696775726173203220792033292c206861737461206c6c656761722063617369206120696775616c6172736520656e206c612076656a657a206176616e7a6164612e204c6173206d756a657265732065737061c3b16f6c6173207469656e656e20756e612070726f626162696c696461642074726573207665636573207375706572696f72266e6273703b206465206d6f7269722064652063617264696f706174c3ad612069737175c3a96d696361266e6273703b207175652064652063c3a16e636572206465206d616d612079206c617320454543435656206d6174616e206dc3a1732064656c20646f626c65206465206d756a65726573206d61796f7265732064652036352071756520746f646f73206c6f732063c3a16e636572657320636f6d62696e61646f732e3c2f703e3c703e3c693e3c7374726f6e673e446566756e63696f6e657320706f72206469666572656e746573206361757361732063617264696f76617363756c6172657320736567c3ba6e20656c207365786f2e2045737061c3b16120323030322e20546f646173206c6173206564616465732e3c2f7374726f6e673e3c2f693e3c2f703e3c703e3c693e3c7374726f6e673e4669677572612031266e6273703b266e6273703b266e6273703b266e6273703b266e6273703b266e6273703b266e6273703b266e6273703b266e6273703b266e6273703b266e6273703b266e6273703b266e6273703b266e6273703b266e6273703b266e6273703b266e6273703b266e6273703b266e6273703b266e6273703b266e6273703b266e6273703b266e6273703b266e6273703b266e6273703b266e6273703b266e6273703b266e6273703b266e6273703b266e6273703b266e6273703b266e6273703b266e6273703b266e6273703b266e6273703b266e6273703b266e6273703b266e6273703b266e6273703b203c2f7374726f6e673e3c2f693e3c7374726f6e673e4d756a657265733c2f7374726f6e673e3c2f703e3c703e3c693e3c7374726f6e673e5461736173206573706563c3ad6669636173206465206d6f7274616c6964616420706f7220656e6665726d6564616465732063617264696f76617363756c617265732e2046696775726120323c2f7374726f6e673e3c2f693e3c2f703e3c703e3c7374726f6e673e456461643c2f7374726f6e673e3c2f703e3c703e3c693e3c7374726f6e673e46696775726120333c2f7374726f6e673e3c2f693e3c2f703e3c703e3c7374726f6e673e456461643c2f7374726f6e673e3c2f703e3c703e3c693e4675656e746520494e452c20656c61626f72616369c3b36e2070726f7069613c2f693e3c2f703e3c703e4578697374656e206469666572656e636961732067656f6772c3a1666963617320656e206c6120696e636964656e6369612079206d6f7274616c69646164206465206c617320656e6665726d6564616465732063617264696f76617363756c617265732074616e746f20656e747265207061c3ad73657320636f6d6f20656e74726520726567696f6e657320646520756e206d69736d6f207061c3ad732c204573746173206469666572656e636961732070756564656e206c6c6567617220612073657220646520686173746120352076656365732e204c6120696e636964656e6369612079206d6f7274616c6964616420736f6e206d61796f72657320656e206c6f73207061c3ad7365732064656c20457374652079204e6f727465206465204575726f70612079206d656e6f72657320656e20656c205375722c20696e636c756964612045737061c3b1612e20456e2045737061c3b1612c206c61206d6f7274616c6964616420706f7220656e6665726d6564616465732063617264696f76617363756c61726573206573206c69676572616d656e7465206d617320616c746120656e2043657574612079204d656c696c6c612c206c61732049736c61732043616e61726961732c20416e64616c7563c3ad612c20436f6d756e696461642056616c656e6369616e612c2045787472656d61647572612079204d75726369612071756520656e20656c20726573746f2064656c207061c3ad732e3c2f703e3c703e536567c3ba6e20656c206573747564696f204d4f4e494341206465206c61204f4d532c206c6120746173612064652061746171756520646520696e666172746f20616775646f206465206d696f63617264696f206269656e20646566696e69646f20656e2045737061c3b1612065732033313520706f72203130302e30303020656e206c6f7320686f6d62726573207920383020706f72203130302e30303020656e206c6173206d756a657265732e204c6f7320696e666172746f73206e6f20666174616c657320657374c3a16e2061756d656e74616e646f206465206d616e657261207369676e69666963617469766120656e747265206c6f7320686f6d62726573206120756e207269746d6f2064656c20322520616e75616c2e204c612074656e64656e63696120656e206c6173206d756a657265732065732074616d6269c3a96e20616c2061756d656e746f207065726f2073696e20616c63616e7a6172207369676e69666963616e636961206573746164c3ad73746963612e20496e646570656e6469656e74656d656e7465206465206c612074656e64656e636961206465206c6120696e636964656e6369612c20656c206ec3ba6d65726f206162736f6c75746f20646520696e677265736f7320686f73706974616c6172696f7320706f7220657374612063617573612c206173c3ad20636f6d6f20706f7220666f726d6173206dc3a173206372c3b36e69636173206465206c612063617264696f706174c3ad612069737175c3a96d6963612c2061756d656e7461206e6f7461626c656d656e746520656e206e75657374726f207061c3ad732e20457374612074656e64656e63696120616c2061756d656e746f20636f6e74726173746120636f6e206c61206465206c61206d61796f72c3ad61206465206c6f73207061c3ad736573206f63636964656e74616c65732c206578636570746f206c6f732064656c2043656e74726f2d45737465206465204575726f7061266e6273703b20646f6e6465207365206f62736572766120756e612074656e64656e6369612061206c61206469736d696e756369c3b36e2e3c2f703e3c703e50617261206dc3a17320616d706c69616369c3b36e2064652065737461207365636369c3b36e2c206c65c3a17365206c61206c65637475726120707265766961206ec3ba6d65726f20322e3c2f703e3c703e332e3c7374726f6e673e466973696f7061746f6c6f67c3ad61207920666163746f7265732064652072696573676f3c2f7374726f6e673e3c2f703e3c68323e332e3120464953494f5041544f4c4f47c38d413c2f68323e3c703e4c61203c7374726f6e673e617465726f6573636c65726f736973266e6273703b3c2f7374726f6e673e657320756e61207061746f6c6f67c3ad612071756520656d7069657a6120656e206c61206a7576656e7475642c206d7563686f20616e74657320646520717565207365206d616e6966696573746520636cc3ad6e6963616d656e746520656e20666f726d6120646520657069736f64696f732063617264696f76617363756c6172657320616775646f732e20536520696e69636961206d656469616e746520656c20646570c3b37369746f206465207065717565c3b161732063616e7469646164657320646520677261736120656e747265206c61732066696e6173206361706173206465206c61206172746572696173203c7374726f6e673e2865737472c3ad6120677261736129266e6273703b3c2f7374726f6e673e792070726f6772657361206c656e7461207065726f20696e65786f7261626c656d656e746520636f6e206c61206564616420736920736520657374c3a120657870756573746f2f6120612064657465726d696e61646f7320657374696c6f732064652076696461207920666163746f7265732064652072696573676f2e2045737461206578706f73696369c3b36e20612064657465726d696e61646f7320666163746f72657320717565206573747564696172656d6f73206d6173206164656c616e74652c20646573656e636164656e61266e6273703b6d6563616e69736d6f7320792070726f6365736f732063656c756c6172657320792062696f7175c3ad6d69636f7320616c74616d656e746520636f6d706c656a6f73207175652064616e206c7567617220616c2063726563696d69656e746f206465206c612065737472c3ad61206772617361206d656469616e7465206c612061747261636369c3b36e2064652064657465726d696e61646f73207469706f732064652063c3a96c756c617320666f726d616e646f20656c203c7374726f6e673e617465726f6d612e266e6273703b3c2f7374726f6e673e556e612063617363616461206465207265616363696f6e657320696e666c616d61746f72696173266e6273703b206a756e746f20636f6e20666163746f726573206d6563c3a16e69636f7320636f6d6f206c6120686970657274656e7369c3b36e2c2070756564656e206c6c656761722061266e6273703b756c636572617220656c20617465726f6d612e2053692073652070726f64756365206573746120756c636572616369c3b36e2c206c617320706c61717565746173206465206c612073616e6772652061637564656e2c207365206167726567616e266e6273703b20792073652070726f64756365206c61206c6c616d616461203c7374726f6e673e74726f6d626f7369733c2f7374726f6e673e2c266e6273703b206c61206375616c207075656465206f6273747275697220746f74616c206f207061726369616c6d656e746520656c206c756d656e20617274657269616c206520696d7065646972206c612063697263756c616369c3b36e206465206c612073616e677265207920706f722074616e746f20656c2061706f727465206465206f78c3ad67656e6f206e656365736172696f2070617261206c6f732074656a69646f732e204c6120636f6e73656375656e63696120736572c3a1206c61206d75657274652063656c756c6172206f203c7374726f6e673e6e6563726f736973266e6273703b3c2f7374726f6e673e6465206c6f732074656a69646f7320697272696761646f7320706f72206c612061727465726961206f636c756964612e20456c20696e666172746f20616775646f206465206d696f63617264696f206573206c61206e6563726f73697320646520756e612070617274652064656c2074656a69646f206f206dc3ba7363756c6f2063617264c3ad61636f2c2070726f64756369646120706f72206c61206f636c757369c3b36e206465206c6173206172746572696173203c7374726f6e673e636f726f6e6172696173266e6273703b3c2f7374726f6e673e71756520736f6e206c617320617274657269617320717565206972726967616e20616c20636f72617ac3b36e2e205369206c612074726f6d626f7369732073652070726f6475636520656e20756e61206172746572696120717565206972726967756520616c206365726562726f20636f6d6f20706f7220656a656d706c6f206c61206172746572696120636172c3b3746964612c2074656e6472c3a1206c7567617220756e20696e666172746f20636572656272616c2e20536920657320656e206c617320617274657269617320717565206972726967616e206c61732065787472656d69646164657320696e666572696f726573206f206172746572696173203c7374726f6e673e696c6961636173266e6273703b3c2f7374726f6e673e6f20656e206c61732071756520646570656e64656e20646520656c6c61732c206c6f73206dc3ba7363756c6f73206465206c617320706965726e617320636c61756469636172c3a16e20616c2063616d696e61722c206574632e3c2f703e3c703e4578697374656e206dc3ba6c7469706c6573206469666572656e6369617320656e206c61203c7374726f6e673e616e61746f6dc3ad61207920666973696f6c6f67c3ad6173266e6273703b3c2f7374726f6e673e63617264696f63697263756c61746f72696173207920636572656272616c657320656e747265207365786f732e20456e747265206f74726173206d75636861732c20656c203c7374726f6e673e636f72617ac3b36e206465206c61206d756a6572206573206dc3a173207065717565c3b16f266e6273703b3c2f7374726f6e673e71756520656c2064656c20686f6d6272652e20456e206c612065646164206164756c7461207065736120656e7472652033303020792033353020677220656e20656c20686f6d627265207920656e7472652032353020792033303020677220656e206c61206d756a65722e204c61206d6173612076656e74726963756c617220697a71756965726461206d6564696120656e20656c20686f6d6272652065732064652031373720677220792064652031313820677220656e206c61206d756a65722e205369206c6f2072656c6163696f6e616d6f7320616c207065736f20636f72706f72616c20746f74616c2c20656c20636f72617ac3b36e2066656d656e696e6f20636f6e74696ec3ba61207369656e646f2061c3ba6e206dc3a173206c697669616e6f2e204c617320617274657269617320636f726f6e6172696173206465206c6173206d756a6572657320736f6e2074616d6269c3a96e206465206d656e6f722063616c696272652e204c617320617274657269617320657374c3a16e20726563756269657274617320656e20737520706172746520696e7465726e6120706f7220756e612066696e6120636170612064656e6f6d696e616461203c7374726f6e673e656e646f74656c696f3c2f7374726f6e673e2e204c61732063c3a96c756c6173206465206573746120636170612070726f647563656e20792063617074616e206d756c7469747564206465206d6f6cc3a963756c61732c20656e74726520656c6c6173206c617320686f726d6f6e61732066656d656e696e61732075203c7374726f6e673e65737472c3b367656e6f733c2f7374726f6e673e2c20706f72206d6564696f206465203c7374726f6e673e7265636570746f726573203c2f7374726f6e673e6573706563c3ad6669636f732e20566172696f73206465206c6f73206d6563616e69736d6f7320666973696f7061746f6cc3b36769636f7320696e766f6c75637261646f7320656e206c6f732070726f6365736f7320646520666f726d616369c3b36e206465206c6120617465726f6573636c65726f7369732079206465206c612074726f6d626f73697320792064656c20746f6e6f20617274657269616c20657374c3a16e206d6f64756c61646f7320646520666f726d61206469666572656e6369616c20706f72206c6f732065737472c3b367656e6f732c2064657465726d696e616e646f206c61206469666572656e74652070726573656e74616369c3b36e20636cc3ad6e6963612079206672656375656e636961206465206c617320656e6665726d65646164657320617465726f6573636c6572c3b3746963617320656e206c6173206d756a657265732e3c2f703e3c68323e332e3220464143544f5245532044452052494553474f3c2f68323e3c703e536520656e7469656e646520706f72203c7374726f6e673e666163746f7265732064652072696573676f266e6273703b3c2f7374726f6e673e617175656c6c6173206361726163746572c3ad7374696361732062696f6cc3b36769636173206f20636f6e6475637475616c657320637579612070726573656e63696120636f6e666965726520756e61206d61796f722070726f626162696c696461642064652073756672697220756e6120656e6665726d6564616420656e20656c2066757475726f2e20416c67756e6f7320666163746f7265732070756564656e20736572206d6f646966696361646f732c207472617461646f73206f20636f6e74726f6c61646f732c206d69656e7472617320717565206f74726f73206e6f2e204c6120656461642c20656c207365786f206f206c6f7320666163746f72657320686572656469746172696f73206e6f20736f6e206d6f646966696361626c65732e204c6f7320666163746f7265732064652072696573676f2063617264696f76617363756c617220617465726f6573636c6572c3b37469636f206269656e2065737461626c656369646f7320736f6e3a20656c203c7374726f6e673e74616261636f2c20656c20636f6c65737465726f6c266e6273703b3c2f7374726f6e673e6465206c612073616e6772652c206c61203c7374726f6e673e64696162657465733c2f7374726f6e673e2c206c61732063696672617320656c657661646173206465203c7374726f6e673e7072657369c3b36e20617274657269616c3c2f7374726f6e673e2c206c61203c7374726f6e673e6f626573696461643c2f7374726f6e673e2c206c612066616c7461206465203c7374726f6e673e656a6572636963696f2066c3ad7369636f266e6273703b3c2f7374726f6e673e726567756c617220283c7374726f6e673e736564656e74617269736d6f3c2f7374726f6e673e292c206c6f73203c7374726f6e673e616e7465636564656e7465732066616d696c6961726573266e6273703b3c2f7374726f6e673e646520656e6665726d656461642063617264696f76617363756c6172207920656c2065737472c3a9732e204164656dc3a17320736f6e20666163746f726573203c7374726f6e673e6573706563c3ad6669636f73206465206c61206d756a65723c2f7374726f6e673e2c206c6f73206f766172696f7320706f6c697175c3ad737469636f732c206c6f73203c7374726f6e673e616e7469636f6e6365707469766f73206f72616c6573266e6273703b3c2f7374726f6e673e79206c6f73203c7374726f6e673e65737472c3b367656e6f73266e6273703b3c2f7374726f6e673e70726f70696f73202870726f746563746f726573292e3c2f703e3c703e266e6273703b3c2f703e3c703e4375c3a16e746f203c7374726f6e673e6d61796f72266e6273703b3c2f7374726f6e673e73656120656c203c7374726f6e673e6e6976656c266e6273703b3c2f7374726f6e673e6465206361646120666163746f722064652072696573676f2c203c7374726f6e673e6d61796f72266e6273703b3c2f7374726f6e673e657320656c203c7374726f6e673e72696573676f266e6273703b3c2f7374726f6e673e64652074656e657220756e6120656e6665726d656461642063617264696f76617363756c617220617465726f6573636c65726f736120636f6d6f206c612063617264696f706174c3ad6120636f726f6e617269612e20506f7220656a656d706c6f2c20756e6120706572736f6e6120636f6e20756e20636f6c65737465726f6c20746f74616c20646520333530206d672f646c207469656e6520756e2072696573676f206d61796f7220717565206f74726120636f6e20756e20636f6c65737465726f6c20746f74616c20646520323430206d672f646c2c2061756e206375616e646f20756e20636f6c65737465726f6c20746f74616c266e6273703b206d61796f7220646520323230206d672f646c20796120636f6e666965726520756e2063696572746f2072696573676f2e204173c3ad6d69736d6f2c206375c3a16e746f73206dc3a17320666163746f7265732064652072696573676f2073652074656e67616e2c206d61796f72206573206c612070726f626162696c69646164206465206465736172726f6c6c6172204545434356562e3c2f703e3c68333e332e322e312054414241434f3c2f68333e3c703e456c203c7374726f6e673e72696573676f266e6273703b3c2f7374726f6e673e646520696e666172746f206465206d696f63617264696f206465206c6f732066756d61646f726573206573203c7374726f6e673e6dc3a1732064656c20646f626c65266e6273703b3c2f7374726f6e673e71756520656c206465206c6f73206e6f2066756d61646f7265732e20456c2068756d6f2064656c2074616261636f20657320656c207072696e636970616c20666163746f722064652072696573676f2070617261206c61206d75657274652073c3ba62697461206465206f726967656e20636172646961636f2079206c6f732066756d61646f726573207469656e656e20646520646f7320612063756174726f207665636573206dc3a1732072696573676f20717565206c6f73206e6f2066756d61646f7265732e204c6f732066756d61646f72657320717565207469656e656e20756e20696e666172746f207469656e656e206d61796f722070726f626162696c69646164206465206d6f7269722079206465206d6f7269722073c3ba626974616d656e74652028656e206c61207072696d65726120686f7261292e20456c2068756d6f2064656c2074616261636f2074616d6269c3a96e20616374c3ba6120636f6e206f74726f7320666163746f7265732064652072696573676f207061726120706f74656e6369617220656c2072696573676f2064652063617264696f706174c3ad6120636f726f6e617269612e20456c2072696573676f2063617264696f76617363756c6172206469736d696e757965207261706964616d656e746520616c2064656a61722064652066756d61722e20456c2074616261717569736d6f206573206d6173206672656375656e746520656e206c6173206d756a6572657320282079206c6f7320686f6d6272657329206465206d656e6f726573206e6976656c657320736f63696f2d65636f6ec3b36d69636f732c2061756e71756520656e206d756368617320736f63696564616465732c206c6173206d756a6572657320646520616c746f206e6976656c20736f6369616c20736f6e206c617320717565207072696d65726f20656d7069657a616e20612066756d617220792074616d6269c3a96e206c6173207072696d65726173207175652064656a616e2064652068616365726c6f2e3c2f703e3c703e4c61206578706f73696369c3b36e20636f6e7374616e746520616c2068756d6f206465206c6f732066756d61646f726573203c7374726f6e673e2874616261717569736d6f2070617369766f29266e6273703b3c2f7374726f6e673e74616d6269c3a96e2061756d656e746120656c2072696573676f2064652063617264696f706174c3ad6120656e747265206c6f73206e6f2066756d61646f7265732e20556e206772616e206ec3ba6d65726f206465206d756a65726573206e6f2066756d61646f7261732070756564656e2074656e657220756e2072696573676f20656c657661646f2064656269646f2061206c61206578706f73696369c3b36e2070617369766120616c2074616261636f20656e206c6f73206c7567617265732064652074726162616a6f206f20656e20656c20686f6761722e20456c2074616261717569736d6f20656e206c61206d756a657220657374c3a12065737472656368616d656e7465206c696761646f2061206c617320727574696e6173206c69676164617320616c206375696461646f20646520706572736f6e61732e3c2f703e3c68333e332e322e3220434f4c45535445524f4c20454c455641444f3c2f68333e3c703e456c206e6976656c20646520636f6c65737465726f6c20657320756e6f206465206c6f7320666163746f7265732064652072696573676f206d617320696d706f7274616e7465732e2041206d6564696461207175652061756d656e746120656c206e6976656c20646520636f6c65737465726f6c20656e2073616e6772652c2061756d656e746120656c2072696573676f2064652063617264696f706174c3ad6120636f726f6e617269612e20456c206e6976656c20646520636f6c65737465726f6c20646520756e6120706572736f6e6120646570656e6465206465206c6120656461642c20656c207365786f2c206c6120686572656e6369612079206c6120616c696d656e74616369c3b36e2e20456c206e6976656c20646520636f6c65737465726f6c20616c206e61636572206573206d75792062616a6f2c20656e747265206c6f732037302079203830206d672f646c20792076612061756d656e74616e646f20636f6e206c61206564616420736f62726520746f646f206120706172746972206465206c612070756265727461642c20686173746120736974c3ba617273652061206c6f732034302061c3b16f732c20616c72656465646f72206465206c6f73203231302d323230206d672f646c2c20646570656e6469656e646f2064656c20656e746f726e6f2063756c747572616c2e20456c20636f6c65737465726f6c206573206e656365736172696f2070617261206c612073c3ad6e746573697320646520686f726d6f6e61732c20657370656369616c6d656e7465206c617320686f726d6f6e61732073657875616c65732e204a756e746f20636f6e206f74726f73207469706f7320646520677261736173206f206cc3ad7069646f7320636f6d6f206c6f7320747269676c6963c3a97269646f732c20736f6e20756e61207061727465206573656e6369616c206465206c6173206d656d6272616e61732063656c756c617265732e266e6273703b3c2f703e3c703e456c20636f6c65737465726f6c2063697263756c6120656e206c612073616e67726520756e69646f206120756e207469706f2064652070726f7465c3ad6e61732064656e6f6d696e61646173206c69706f70726f7465c3ad6e6173206465206c617320717565206578697374656e20766172696f73207469706f732e20456c20636f6c65737465726f6c20756e69646f2061206c6173206c69706f70726f7465c3ad6e617320646520616c74612064656e7369646164206f203c7374726f6e673e636f6c65737465726f6c2048444c3c2f7374726f6e673e2c20657320756e20666163746f722064652070726f7465636369c3b36e2e2045732064656369722c206375616e746f206dc3a17320656c657661646f20656c206e6976656c2064652048444c2c206d656e6f7220736572c3a1206c612070726f626162696c696461642064652073756672697220756e20657069736f64696f2063617264696f76617363756c61722074616c20636f6d6f20756e206174617175652063617264c3ad61636f206f20636572656272616c2e20456e2063616d62696f20656c20636f6c65737465726f6c207175652063697263756c6120756e69646f2061206c6173266e6273703b206c69706f70726f7465c3ad6e61732064652062616a612064656e7369646164206f203c7374726f6e673e636f6c65737465726f6c2d4c444c266e6273703b3c2f7374726f6e673e286c6f772064656e73697479206c69706f70726f7465696e2920657320756e20666163746f722064652072696573676f2e2045737461206d6f6cc3a963756c612c20616c206f786964617273652c20636f6d6f2065666563746f20706f7220656a656d706c6f2c206465206c6f7320636f6d706f6e656e746573207175c3ad6d69636f732064656c2068756d6f2064656c2074616261636f2c20696e69636961266e6273703b20656c2070726f6365736f2062696f7175c3ad6d69636f20792063656c756c617220726573706f6e7361626c65266e6273703b20646520737520646570c3b37369746f20656e206c61207061726564206465206c61206361706120c3ad6e74696d61206465206c61732061727465726961732c2064616e646f206c7567617220616c20617465726f6d612e3c2f703e3c703e416e746573206465206c61206d656e6f7061757369612c206c6173206d756a657265732c20656e2067656e6572616c2c207469656e656e206d656e6f726573206e6976656c657320646520636f6c65737465726f6c20717565206c6f7320686f6d627265732e204164656dc3a1732c206c6f73203c7374726f6e673e65737472c3b367656e6f732061756d656e74616e206c6f73206e6976656c657320646520636f6c65737465726f6c2048444c266e6273703b3c2f7374726f6e673e656e206c612073616e6772652e205065726f206465737075c3a973206465206c61206d656e6f7061757369612c206c6f73206e6976656c65732064652048444c207375656c656e2062616a61722c20696e6372656d656e74c3a16e646f7365206173c3ad20656c2072696573676f2063617264696f76617363756c61722e204c6f73206e6976656c657320646520636f6c65737465726f6c2048444c2079204c444c2070756564656e206d656a6f726172736520636f6e2064696574612c20656a6572636963696f20792c20656e206361736f73206772617665732c206d65646963616d656e746f73206869706f6c6970656d69616e74657320286573746174696e6173292e20456e2070726573656e636961206465206f74726f7320666163746f7265732064652072696573676f2c20636f6d6f206c6120686970657274656e7369c3b36e20617274657269616c206f20656c2074616261717569736d6f2c20656c2072696573676f207365206d756c7469706c6963612e3c2f703e3c703e4c612072656c616369c3b36e2064656c20636f6c65737465726f6c20636f6e20656c20696374757320657374c3a1206d656e6f7320636c6172612e3c2f703e3c68333e332e322e332044494142455445533c2f68333e3c703e4c6173206d756a6572657320636f6e206469616265746573207469656e656e20656e747265203c7374726f6e673e3320792035207665636573206d61732072696573676f266e6273703b3c2f7374726f6e673e64652074656e657220656e6665726d6564616465732063617264c3ad61636173206520696374757320717565206c6173206d756a65726573206e6f2064696162c3a974696361732e20456e2063616d62696f20656e206c6f7320686f6d6272657320656c2072696573676f2064652063617264696f706174c3ad612069737175c3a96d69636120656e2070726573656e6369612064652064696162657465732065732073c3b36c6f20646520322d332e204c612070726573656e63696120646520646961626574657320657320756e20666163746f722064652072696573676f207920756e6120656e6665726d656461642074616e20706f6465726f73617320717565203c7374726f6e673e616e756c61206c612070726f7465636369c3b36e266e6273703b3c2f7374726f6e673e63617264696f76617363756c6172206465206c612071756520676f7a616e206c6173206d756a65726573207072656d656e6f70c3a1757369636173206672656e74652061206c6f7320686f6d627265732c2061c3ba6e206375616e646f206c6f73206e6976656c657320646520676c7563656d696120657374c3a96e2062616a6f20636f6e74726f6c2e20416c72656465646f7220646520646f732074657263696f73206465206c617320706572736f6e61732064696162c3a97469636173206d756572656e20646520616c67756e6120656e6665726d656461642063617264696f76617363756c61722e20456e206c6f7320c3ba6c74696d6f732061c3b16f732068612069646f2061706172656369656e646f20766172696f73206573747564696f73207175652068616e2070756573746f206465206d616e6966696573746f20717565206c612073696d706c6520656c6576616369c3b36e206465206c6f73206e6976656c657320646520676c7563656d69612c20696e636c75736f266e6273703b2073696e206465736172726f6c6c6f20636f6d706c65746f2064652064696162657465732c2074616d6269c3a96e20636f6e66696572656e20756e2072696573676f20656c657661646f20646520617465726f6573636c65726f7369732e2045737461732063696672617320656c65766164617320646520676c6963656d69612061636f6d7061c3b1616e2061206d656e75646f2061206c61206f626573696461642e3c2f703e3c68333e332e322e34204f424553494441443c2f68333e3c703e456c2065786365736f206465207065736f2079206c61206f6265736964616420657320756e20666163746f722071756520707265646973706f6e6520646520666f726d6120696d706f7274616e74652061206c61732045454343565620792070617261206c612064696162657465732064656c206164756c746f2e20556e6120706572736f6e6120736520636f6e736964657261206f62657361207369207375207065736f20286b696c6f6772616d6f732920646976696469646f20706f7220656c20637561647261646f2064652073752074616c6c6120286d6574726f73322920737570657261203330207920636f6e203c7374726f6e673e736f6272657065736f203c2f7374726f6e673e736920737570657261203c7374726f6e673e32356b672f6d323c2f7374726f6e673e2e20412065737465206ec3ba6d65726f207365206c65206c6c616d61203c7374726f6e673ec3ad6e64696365206465206d61736120636f72706f72616c2e266e6273703b3c2f7374726f6e673e456c206c756761722064656c2063756572706f20646f6e6465207365206163756d756c61206c61206772617361207469656e6520696d706f7274616e63696120796120717565206c6120677261736120616c72656465646f72206465206c612063696e74757261206f206772617361206162646f6d696e616c207469656e65206d61796f722072696573676f20717565206c6120677261736120717565207365206163756d756c6120656e206c617320636164657261732e204c61203c7374726f6e673e6f62657369646164206162646f6d696e616c266e6273703b3c2f7374726f6e673e7365206d69646520746f6d616e646f20656c20706572c3ad6d6574726f206465206c612063696e747572612061206d6564696f2063616d696e6f20656e74726520656c20626f72646520696e666572696f72206465206c6120c3ba6c74696d6120636f7374696c6c612079206c612063726573746120696cc3ad6163612e20536520636f6e7369646572612071756520657869737465206f62657369646164206162646f6d696e616c206375616e646f20656c20706572c3ad6d6574726f206465206c61203c7374726f6e673e63696e74757261266e6273703b3c2f7374726f6e673e657320696775616c206f206d61796f7220717565203c7374726f6e673e383820636d266e6273703b3c2f7374726f6e673e656e206c6173206d756a6572657320792031303220636d20656e206c6f7320686f6d627265732e266e6273703b3c2f703e3c703e456e206c617320736f6369656461646573206f63636964656e74616c65732c20656c207065736f20636f72706f72616c2061756d656e746120636f6e206c61206564616420656e20616d626f73207365786f732c207065726f20656c207269746d6f2064652061756d656e746f20656e206c61206d756a6572206573206d6173206163656c657261646f2071756520656e206c6f7320686f6d62726573206465206c61206d69736d6120656461642e204461646f2071756520657374652072c3a17069646f2061756d656e746f206465207065736f2061636f7374756d6272612061206465706f73697461727365206d61796f726974617269616d656e746520656e20656c206162646f6d656e2c20c3a973746520657320656c207072696e636970616c20666163746f7220636f6e747269627579656e746520616c206465746572696f726f2064656c2070657266696c2064652072696573676f2063617264696f76617363756c617220656e206c6173206d756a6572657320706f73742d6d656e6f7061c3ba73696361732070756573746f2071756520636f6e7472696275796520656e206772616e206d616e657261266e6273703b2061206c6120656c6576616369c3b36e206465206c61207072657369c3b36e20617274657269616c2c20636f6c65737465726f6c2079206e6976656c657320646520676c7563656d69612e204c61206f62657369646164206573206d7563686f206d6173206672656375656e746520656e206c6173206d756a65726573206465206e6976656c657320736f63696f65636f6ec3b36d69636f73206f2065647563617469766f7320696e666572696f7265732e3c2f703e3c703e4c61206f62657369646164206162646f6d696e616c2073652061736f636961206120756e61206d61796f722070726f626162696c69646164206465206465736172726f6c6c617220756e612063617264696f706174c3ad61206f20756e2069637475732061c3ba6e20656e20617573656e636961206465266e6273703b206f74726f20666163746f722064652072696573676f2c2070756573746f20717565206c61206f626573696461642061756d656e7461206c61207072657369c3b36e20617274657269616c2079206c6f73206e6976656c6573266e6273703b646520636f6c65737465726f6c207920747269676c6963c3a97269646f732c20792072656475636520656c20636f6c65737465726f6c2048444c2e204c61206f626573696461642073652061736f6369612061206d656e75646f20636f6e266e6273703b20656c2061756d656e746f206465206c61207072657369c3b36e20617274657269616c20717565206a756e746f20636f6e206c617320616c7465726163696f6e65732064656c206d657461626f6c69736d6f206465206c61732067726173617320636f6e7374697475796520656c206c6c616d61646f203c7374726f6e673e73c3ad6e64726f6d65206d65746162c3b36c69636f2e3c2f7374726f6e673e3c2f703e3c68333e332e322e3520484950455254454e5349c3934e20415254455249414c3c2f68333e3c703e4c61207072657369c3b36e20617274657269616c2061756d656e746120636f6e206c61206564616420656e20616d626f73207365786f732e205369206269656e206c6173266e6273703b206d756a65726573207469656e656e206e6976656c657320696e666572696f7265732061206c6173206465206c6f7320686f6d6272657320616e746573206465206c61206d656e6f7061757369612c206c61732063696672617320736520656c6576616e206d7563686f206dc3a173206465737075c3a97320646520c3a97374612c2079206120706172746972206465206c6f732035352061c3b16f73207375706572616e2061206c6173206465206c6f7320686f6d627265732e20486f7920656e2064c3ad6120736520646566696e6520636f6e76656e63696f6e616c6d656e7465206c6120686970657274656e7369c3b36e20636f6d6f206c617320636966726173206465207072657369c3b36e20617274657269616c206d656e6f72657320646520313430206d6d206465206d6572637572696f206465207072657369c3b36e2073697374c3b36c6963612079203930206d6d204867206465207072657369c3b36e206469617374c3b36c6963612c2053696e20656d626172676f20736520636f6e73696465726120717565206c617320707265736f6e61732064696162c3a9746963617320646562656e20657374617220706f7220646562616a6f206465206573746173206369667261732c20696465616c6d656e7465203133302f3835206d6d2e266e6273703b3c2f703e3c703e4c61207072657369c3b36e20617274657269616c20616c74612061756d656e746120656c206573667565727a6f2064656c20636f72617ac3b36e2c206163656c65726120656c2070726f6365736f20646520656e6475726563696d69656e746f206465206c617320617274657269617320792061756d656e746120656c2072696573676f2064652073756672697220756e20696e666172746f20616775646f206465206d696f63617264696f2c20756e206963747573207920756e6120696e737566696369656e6369612063617264c3ad616361266e6273703b207920756e6120696e737566696369656e6369612072656e616c2e266e6273703b3c2f703e3c703e4375616e646f206c6120686970657274656e7369c3b36e20636f65786973746520636f6e206f74726f7320666163746f7265732064652072696573676f2c206c612070726f626162696c6964616420646520696e666172746f206f2069637475732061756d656e74616e206d75636861732076656365732e3c2f703e3c703e456c20656d626172617a6f2070756564652070726f766f63617220686970657274656e7369c3b36e2c20657370656369616c6d656e746520647572616e746520656c20746572636572207472696d65737472652c207065726f206c6120686970657274656e7369c3b36e206f636173696f6e61646120706f7220656c20656d626172617a6f20283c7374726f6e673e65636c616d707369613c2f7374726f6e673e292067656e6572616c6d656e74652064657361706172656365207472617320656c20706172746f2e204c6173206d756a6572657320717565207469656e656e20616e7465636564656e7465732066616d696c696172657320646520686970657274656e7369c3b36e20617274657269616c266e6273703b2079206c6173206d756a6572657320636f6e20736f6272657065736f207469656e656e2074616d6269c3a96e207469656e656e20756e206d61796f722072696573676f2e204c6120686970657274656e7369c3b36e20617274657269616c206e6f20707565646520637572617273652c207065726f2073c3ad20707565646520636f6e74726f6c6172736520636f6e2064696574612c20656a6572636963696f20792c20646520736572206e656365736172696f732c206d65646963616d656e746f732e3c2f703e3c68333e332e322e3620534544454e54415249534d4f3c2f68333e3c703e4c61206163746976696461642066c3ad736963612c206d6f646572616461206f207669676f726f73612c20617975646120612070726576656e6972206c6173204545434356562079206c61206f626573696461642e204375616e746f206dc3a173207669676f726f7361206c61206163746976696461642c206d61796f7220656c2062656e65666963696f2e2053696e20656d626172676f2c2061c3ba6e206c617320616374697669646164657320646520696e74656e7369646164206d6f6465726164612061797564616e207369207365207265616c697a616e20646520666f726d6120686162697475616c20792061206c6172676f20706c617a6f2e20456c20656a6572636963696f20707565646520617975646172206120636f6e74726f6c617220656c20636f6c65737465726f6c2c206c612064696162657465732079206c61206f626573696461642c206173c3ad20636f6d6f20612072656475636972206c61207072657369c3b36e20617274657269616c20656e20616c67756e617320706572736f6e61732e266e6273703b204c61206163746976696461642066c3ad73696361206465626572c3ad612073657220756e6120616374697669646164206469617269612e2043616d696e617220656e7472652033302061203430206d696e75746f73206c61206d61796f722063616e74696461642064652064c3ad617320706f722073656d616e6120706f7369626c6573207065726f206e6f206d656e6f7320646520332064c3ad617320657320756e206275656e20656a6572636963696f2079207469656e6520706f63617320636f6e747261696e6469636163696f6e65732e3c2f703e3c68333e332e322e3720414c434f484f4c3c2f68333e3c703e456c2072696573676f2064652063617264696f706174c3ad612069737175c3a96d69636120656e206c617320706572736f6e61732071756520626562656e2063616e74696461646573206d6f6465726164617320646520616c636f686f6c206573206d656e6f722071756520656c206465206c6f7320717565206e6f20626562656e20616c636f686f6c2e20536520636f6e73696465726120756e612063616e7469646164206d6f64657261646120646520616c636f686f6c2c20756e612062656269646120616c2064c3ad612070617261206c6173206d756a65726573207920646f7320616c2064c3ad612070617261206c6f7320686f6d627265732e204c6173206d756a65726573206d657461626f6c697a616e20656c20616c636f686f6c206d6173206c656e74616d656e746520717565206c6f7320686f6d627265732c3c2f703e3c703e456c20616c636f686f6c20656e2065786365736f20707565646520656c65766172266e6273703b206c6f7320747269676c6963c3a97269646f732c2061756d656e7461206c61207072657369c3b36e20617274657269616c2c2070756564652070726f64756369722061727269746d6961732c20696e737566696369656e63696120636172646961636120652069637475732e204173c3ad6d69736d6f20636f6e747269627579652061206c61206f6265736964616420706f7220756e2061706f7274652061646963696f6e616c2064652063616c6f72c3ad61732e3c2f703e3c68333e332e322e382045535452c389532059204f54524f5320464143544f52455320505349434f534f4349414c45533c2f68333e3c703e4c61732070727565626173206369656e74c3ad666963617320736f62726520656c20706170656c2064656c2065737472c3a97320656e206c61207061746f6c6f67c3ad612063617264696f76617363756c617220736f6e206d656e6f7320726f627573746173207920657374c3a1206d656e6f732065737475646961646f20717565206c6f7320666163746f72657320616e746572696f7265732c20706f72206c61206469666963756c746164206465206d6564697220656c2065737472c3a97320646520666f726d61206f626a65746976612e266e6273703b20456c2065737472c3a973206f63757272652067656e6572616c6d656e7465206375616e646f206e6f20736520657320636170617a206465206461722072657075657374612061206c61732064656d616e64617320717565206c6120736f6369656461642079206c61207669646120696d706f6e656e2e2053652068612064656d6f73747261646f206465206d616e65726120706172746963756c61722071756520656c2065737472c3a97320656e20656c203c7374726f6e673e74726162616a6f3c2f7374726f6e673e2c20646566696e69646f20636f6d6f20616c74612064656d616e6461207920706f63612063617061636964616420646520646563697369c3b36e20286d6f64656c6f203c7374726f6e673e64656d616e64612d636f6e74726f6c203c2f7374726f6e673e6465204b61726173656b292c20657374c3a12061736f636961646f206120756e61206d61796f722070726f626162696c69646164206465206576656e746f7320636f726f6e6172696f7320656e206c6f7320686f6d627265732e204164656dc3a1732c20636f6d6f2063616272c3ad6120657370657261722c266e6273703b206578697374656e20696e746572616363696f6e657320696d706f7274616e74657320656e74726520656c2065737472c3a9732c206c612063617465676f72c3ad612070726f666573696f6e616c207920656c2067c3a96e65726f2e2053696e20656d626172676f2c20686179206d656e6f73206573747564696f73206465206573746f73206173706563746f7320656e206d756a657265732e204f74726f73206173706563746f732064656c2065737472c3a97320636f6d6f206c61203c7374726f6e673e686f7374696c696461643c2f7374726f6e673e2c206170756e74616e206861636961206120756e612072656c616369c3b36e2064697374696e746120656e74726520656c2065737472c3a9732079206c612063617264696f706174c3ad612069737175c3a96d69636120736567c3ba6e20656c2067c3a96e65726f2e204173c3ad2c206c61206578746572696f72697a616369c3b36e206465206c6120686f7374696c6964616420657320756e20666163746f722064652072696573676f20656e206c6f7320686f6d627265732c206d69656e747261732073752073757072657369c3b36e266e6273703b2070617265636572c3ad612073657220756e20666163746f722064652072696573676f20656e206c6173206d756a6572657320736567c3ba6e20656c206573747564696f20616d65726963616e6f206465204672616d696e6768616d2e204f74726f73206573747564696f7320737565636f73206d6f737461726f6e2071756520616d626f73207365786f73206d6f7374726162616e2061756d656e746f73206465206c61207072657369c3b36e20617274657269616c20647572616e7465206c617320686f7261732064652074726162616a6f2c207065726f206d69656e747261732071756520616c206361626f20646520706f636f73206d696e75746f73206465206c6c65676172206120636173612c206c61207072657369c3b36e2064657363656e64c3ad6120656e206c6f7320686f6d627265732c20656e206c6173206d756a657265732070657273697374c3ad6120616c746120647572616e7465206d756368617320686f7261732e20556e6120696e74657276656e6369c3b36e2072656c61746976616d656e74652073696d706c6520636f6d6f206f7267616e697a6172206c6f73207475726e6f7320726f74617469766f732064652074726162616a6f20656e20656c2073656e7469646f206465206c6173206167756a61732064656c2072656c6f6a2c20636f6e7369677569c3b32072656475636972206c6f73206e6976656c6573206465207072657369c3b36e2c20636f6c65737465726f6c20792074616261636f20656e20756e206573747564696f207265616c697a61646f20656e206c6120706f6c6963c3ad612073756563612e3c2f703e3c703e5365207265717569657265206d61796f722070726f66756e64697a616369c3b36e206369656e74c3ad6669636120736f627265206c617320636f6e6475637461732079266e6273703b206d6563616e69736d6f732062696f6cc3b36769636f7320696d706c696361646f7320706172612071756520656c2065737472c3a97320636175736120756e6120656e6665726d656461642063617264696f76617363756c61722c2065732064656369722c207369206c6f206861636520612074726176c3a973206465206c6f7320666163746f7265732064652072696573676f2061727269626120646573637269746f73202820706f7220656a656d706c6f2c20656c2074616261636f29206f20612074726176c3a973206465206f74726f732e204c617320706572736f6e617320736f6d65746964617320612065737472c3a973207469656e64656e206120756e6120616c696d656e74616369c3b36e206465737175696c6962726164612c2070756564656e20656d70657a617220612066756d6172206f2066756d6172206dc3a17320717565206f7472617320706572736f6e617320717565206e6f207469656e656e2065737472c3a9732e205065726f20656c2065737472c3a97320706f6472c3ad612074616d6269c3a96e20616374c3ba617220706f72206d6563616e69736d6f7320696e646570656e6469656e746573206465206c6f7320666163746f7265732064652072696573676f20636f6e6f6369646f732e2045786973746520756e6120636965727461266e6273703b2065766964656e63696120646520717565206f74726f7320666163746f72657320707369636f736f6369616c657320636f6d6f206c6f7320636f6e666c6963746f7320656d6f63696f6e616c65732c206c612064657072657369c3b36e2079206c6120616e7369656461642074616d6269c3a96e20636f6e747269627579656e206120756e2070656f722070657266696c2064652072696573676f2063617264696f76617363756c61722e20456c206375696461646f20646520c3a973746f7320666163746f72657320657320657370656369616c6d656e746520696d706f7274616e746520656e206c612070726576656e6369c3b36e20736563756e646172696120286465737075c3a97320646520756e20696e666172746f206f20616e67696e612c207061726120657669746172206f74726f20657069736f64696f206f2073752070726f6772657369c3b36e29207061726120636f6e73656775697220756e206275656e20636f6e74726f6c206465206c6f7320666163746f7265732064652072696573676f20636cc3a17369636f732e3c2f703e3c68333e332e322e3920414e5445434544454e5445532046414d494c49415245533c2f68333e3c703e4c6f732068696a6f732f61732064652070616472657320636f6e2063617264696f706174c3ad612069737175c3a96d6963612c20657370656369616c6d656e74652073692065737461206861207369646f207072656d6174757261202870616472657320616e746573206465206c6f732036352061c3b16f732c206d616472657320616e746573206465206c6f732035352061c3b16f7329206f20636f6e20686970657274656e7369c3b36e20617274657269616c207469656e656e206d61796f722070726f626162696c69646164206465206465736172726f6c6c61726c612e204578697374656e20666f726d6173203c7374726f6e673e6d696e6f7269746172696173266e6273703b3c2f7374726f6e673e646520636f6c65737465726f6c206d757920656c657661646f2028706f7220656e63696d61206465206c6f7320333530206d672f646c29206c6c616d61646173206869706572636f6c65737465726f6c656d69612066616d696c6961722c2071756520736f6e206465626964617320612074726173746f726e6f7320686572656469746172696f7320792071756520636f6e6c6c6576616e20756e2072696573676f206d757920656c657661646f2c20696e636c75736f20616e746573206465206c61206d656e6f7061757369612e20456e20c3a973746f73206361736f7320736f6e207072656369736f732074726174616d69656e746f73206dc3a96469636f7320616772657369766f7320636f6e206869706f6c6970656d69616e7465732e3c2f703e3c68333e332e322e313020464143544f524553266e6273703b2043415244494f56415343554c41524553204558434c555349564f53204445204c41204d554a45523c2f68333e3c703e3c696d67207372633d22646174613a696d6167652f6a7065673b6261736536342c2f396a2f34414151536b5a4a5267414241514541594142674141442f3277424441414d4341674d4341674d4441774d4541774d45425167464251514542516f484277594944416f4d4441734b4377734e44684951445134524467734c4542595145524d55465255564441385847425955474249554652542f3277424441514d454241554542516b4642516b554451734e464251554642515546425155464251554642515546425155464251554642515546425155464251554642515546425155464251554642515546425155464251554642542f7741415243414175414338444153494141684542417845422f38514148774141415155424151454241514541414141414141414141414543417751464267634943516f4c2f3851417452414141674544417749454177554642415141414146394151494441415152425249684d5545474531466842794a7846444b426b61454949304b78775256533066416b4d324a7967676b4b4668635947526f6c4a69636f4b536f304e5459334f446b3651305246526b644953557054564656575631685a576d4e6b5a575a6e61476c7163335231646e643465587144684957476834694a69704b546c4a57576c35695a6d714b6a704b576d7036697071724b7a744c57327437693575734c44784d584778386a4a79744c54314e585731396a5a32754869342b546c3575666f3665727838765030396662332b506e362f38514148774541417745424151454241514542415141414141414141414543417751464267634943516f4c2f385141745245414167454342415144424163464241514141514a3341414543417845454253457842684a425551646863524d694d6f454946454b526f62484243534d7a55764156596e4c524368596b4e4f456c3852635947526f6d4a7967704b6a55324e7a67354f6b4e4552555a4853456c4b55315256566c64595756706a5a47566d5a326870616e4e3064585a3365486c36676f4f456859614869496d4b6b704f556c5a61586d4a6d616f714f6b7061616e714b6d7173724f3074626133754c6d367773504578636248794d6e4b3074505531646258324e6e613475506b3565626e364f6e7138765030396662332b506e362f396f4144414d424141495241784541507744395470507531526d7674333775483535472f774448667a71445672727931574e657263745543336c7670614b4a466153646c334e7435626e36313464664d495171756d354b4d5675332b534f71464f3654746473763263637361763576796b392f4e332f30466339716b6a733073566c71332b6b2f7778744c7a6e2b56616b50694378766c6b696154374f323361776d5a513338362b58506a7034736d3050784a64366675614c6e4d624b33446a38505773385443574b644e55567a523770744e6663656a674d4e4b765663486f2f5139683072347679365871386d6d36374377644732764c74324f76755233483072314b3276496271316a754970466b696b554d73676267715277612b4a6444385954654e5044393142634f3075703666455a37536475585a562b3947543347336b66377465326673362f454674557435644975473346454d7349622b456a415a66317a587030595663502b376d37727066633638666c796a423149717a573657337165733353655a716e6b6633766c482f6646596d74584a67615355626c7941726e2b36514d63317161717a5773386369344a5448346c663841363154616a70636576572f6e327369787a4d76446451337377723839783245715a67713947693756464c6d74316166627a5776336e46546b71626a4b587737486e57702f46614c773362546d367457754345506c734d46632f5131385a2b4f74613144784c3467756271346b6b6d655a386a647a394258315634392b4857723353796d4c5357754e3352724f546376354547764d592f677a6357556a5865722f414f6a7a7366384152744f69627a4c6d346b37446150756a334e66553850314b2b466f4b6e696e64725458632b727763384a5176566861374f492b45346c303357726d35322f7531697546507067774f682f567139482f5a746b502f4141736130324e69507a4a56783765544c2f384145316e654a4e486a2b472f6877366537522f323565722b2b6a6a352b7a52357a747a366b39613633396e48777263572f694f7776474730434b5334592f77437a744d592f4e6e6176714b306f31417856614d364657703061736a365731537a2b31514d79727539562f714b34326255373777374d7a782f764957366f3333572f77723065737a5574467474517a35696c4750384146476470503134723576485a5837616f7352526c797a58552b4a6f596851584a4e58527746393854744b61466c76644f6b7a33387551664e2f4b7544313734707061704d6e682f535937475a31326d366235706366377872307a5550687a62587a4d667465776538436b2f7a724b6a2b47576b52586e6c79655a667a4b334354596a692f4a52574e474e654435716c7239306c6339656e55776b656a666c725938483048775066654d395762554e51615437476a356d7547354c6e73712b704e665466675877716e682b7865523456687572674b504b586b5278714d4b6d6659566f36543463746450324f79704a4a474d524b716259347639316578392b7464485830464b4c736e493473626a70596838693053502f2f5a223e3c7374726f6e673e20612920436f6e7472616365707469766f73206f72616c65733c2f7374726f6e673e3c2f703e3c703e4c61732070c3ad6c646f72617320616e7469636f6e6365707469766173203c7374726f6e673e61756d656e74616e206c69676572616d656e746520656c2072696573676f266e6273703b3c2f7374726f6e673e646520696e666172746f206465206d696f63617264696f20656e206c6173206d756a6572657320616e746573206465206c61206d656e6f7061757369612c20657370656369616c6d656e746520706f7220656e63696d61206465206c6f732033352061c3b16f7320646520656461642e205065726f20657374652072696573676f2061756d656e746120646520666f726d61206573706563746163756c6172207369206c61206d756a65722065732066756d61646f72612c2064696162c3a974696361206f20686970657274656e73612e266e6273703b204c6f7320616e7469636f6e6365707469766f73206f72616c6573206dc3a173206d6f6465726e6f7320636f6e206d656e6f72657320646f7369732064652065737472c3b367656e6f7320792070726f67657374c3a167656e6f73207469656e656e266e6273703b206d656e6f722072696573676f20646520656e6665726d656461642063617264696f76617363756c617220717565206c6f7320616e7469636f6e6365707469766f73206465207669656a612067656e6572616369c3b36e2c206578636570746f2070617261206c6173206d756a65726573207175652066756d616e206f207469656e656e266e6273703b20686970657274656e7369c3b36e2e2041756e717565206c61207265636f6d656e64616369c3b36e206465206e6f2066756d6172206573207061726120746f646f20656c206d756e646f2c20656e206c61206d756a65722071756520657374c3a920746f6d616e646f206c612070c3ad6c646f7261206465626572c3ad61207265636f6d656e646172736520646520666f726d6120657370656369616c2e3c2f703e3c703e3c696d67207372633d22646174613a696d6167652f6a7065673b6261736536342c2f396a2f34414151536b5a4a5267414241514541594142674141442f3277424441414d4341674d4341674d4441774d4541774d45425167464251514542516f484277594944416f4d4441734b4377734e44684951445134524467734c4542595145524d55465255564441385847425955474249554652542f3277424441514d454241554542516b4642516b554451734e464251554642515546425155464251554642515546425155464251554642515546425155464251554642515546425155464251554642515546425155464251554642542f7741415243414175414338444153494141684542417845422f38514148774141415155424151454241514541414141414141414141414543417751464267634943516f4c2f3851417452414141674544417749454177554642415141414146394151494441415152425249684d5545474531466842794a7846444b426b61454949304b78775256533066416b4d324a7967676b4b4668635947526f6c4a69636f4b536f304e5459334f446b3651305246526b644953557054564656575631685a576d4e6b5a575a6e61476c7163335231646e643465587144684957476834694a69704b546c4a57576c35695a6d714b6a704b576d7036697071724b7a744c57327437693575734c44784d584778386a4a79744c54314e585731396a5a32754869342b546c3575666f3665727838765030396662332b506e362f38514148774541417745424151454241514542415141414141414141414543417751464267634943516f4c2f385141745245414167454342415144424163464241514141514a3341414543417845454253457842684a425551646863524d694d6f454946454b526f62484243534d7a55764156596e4c524368596b4e4f456c3852635947526f6d4a7967704b6a55324e7a67354f6b4e4552555a4853456c4b55315256566c64595756706a5a47566d5a326870616e4e3064585a3365486c36676f4f456859614869496d4b6b704f556c5a61586d4a6d616f714f6b7061616e714b6d7173724f3074626133754c6d367773504578636248794d6e4b3074505531646258324e6e613475506b3565626e364f6e7138765030396662332b506e362f396f4144414d424141495241784541507744395470507531526d7674333775483535472f774448667a71445672727931574e657263745543336c7670614b4a466153646c334e7435626e36313464664d495171756d354b4d5675332b534f71464f3654746473763263637361763576796b392f4e332f30466339716b6a733073566c71332b6b2f7778744c7a6e2b56616b50694378766c6b696154374f323361776d5a513338362b58506a7034736d3050784a64366675614c6e4d624b33446a38505773385443574b644e55567a523770744e6663656a674d4e4b765663486f2f5139683072347679365871386d6d36374377644732764c74324f76755233483072314b3276496271316a754970466b696b554d73676267715277612b4a6444385954654e5044393142634f3075703666455a37536475585a562b3947543347336b66377465326673362f454674557435644975473346454d7349622b456a415a66317a587030595663502b376d37727066633638666c796a423149717a573657337165733353655a716e6b6633766c482f6646596d74584a67615355626c7941726e2b36514d63317161717a5773386369344a5448346c663841363154616a70636576572f6e327369787a4d76446451337377723839783245715a67713947693756464c6d74316166627a5776336e46546b71626a4b587737486e57702f46614c773362546d367457754345506c734d46632f5131385a2b4f74613144784c3467756271346b6b6d655a386a647a394258315634392b4857723353796d4c5357754e3352724f546376354547764d592f677a6357556a5865722f414f6a7a7366384152744f69627a4c6d346b37446150756a334e66553850314b2b466f4b6e696e64725458632b727763384a5176566861374f492b45346c303357726d35322f7531697546507067774f682f567139482f5a746b502f4141736130324e69507a4a56783765544c2f384145316e654a4e486a2b472f6877366537522f323565722b2b6a6a352b7a52357a747a366b39613633396e48777263572f694f7776474730434b5334592f77437a744d592f4e6e6176714b306f31417856614d364657703061736a365731537a2b31514d79727539562f714b34326255373777374d7a782f764957366f3333572f77723065737a5574467474517a35696c4750384146476470503134723576485a5837616f7352526c797a58552b4a6f596851584a4e58527746393854744b61466c76644f6b7a33387551664e2f4b7544313734707061704d6e682f535937475a31326d366235706366377872307a5550687a62587a4d667465776538436b2f7a724b6a2b47576b52586e6c79655a667a4b334354596a692f4a52574e474e654435716c7239306c6339656e55776b656a666c725938483048775066654d395762554e51615437476a356d7547354c6e73712b704e665466675877716e682b7865523456687572674b504b586b5278714d4b6d6659566f36543463746450324f79704a4a474d524b716259347639316578392b7464485830464b4c736e493473626a70596838693053502f2f5a223e3c7374726f6e673e2062292045737472c3b367656e6f7320656e64c3b367656e6f733c2f7374726f6e673e3c2f703e3c703e5365206372656520717565206c612062616a61206672656375656e636961206465206c6120656e6665726d6564616420636f726f6e6172696120656e206c61206d756a6572657320646562696461206120717565206c6f73206e6976656c657320656e64c3b367656e6f73206465206c617320686f726d6f6e61732066656d656e696e6173202865737472c3b367656e6f732920636f6e66696572656e20756e612070726f7465636369c3b36e20657370656369616c20616c20c3a172626f6c2063697263756c61746f72696f2c20612074726176c3a973206465206d6563616e69736d6f732062696f6cc3b36769636f7320636f6d706c656a6f732e204173c3ad2c20706f7220656a656d706c6f2c206c6f732065737472c3b367656e6f73206661766f726563656e206c61207661736f64696c6174616369c3b36e20617274657269616c207920706f722074616e746f2065766974616e206c6120686970657274656e7369c3b36e2c20792074616d6269c3a96e206661766f726563656e20656c2070657266696c206c6970c3ad6469636f2028636f6c65737465726f6c2079206f74726f73206cc3ad7069646f73206465206c612073616e6772652920656c6576616e646f20656c20636f6c65737465726f6c2048444c2e20457374612076656e74616a612076612064657361706172656369656e646f207061756c6174696e616d656e7465206465737075c3a973206465206c61206d656e6f70617573696120616c206469736d696e75697220656c206e6976656c2064652065737472c3b367656e6f732c207920656c2072696573676f2063617264696f76617363756c61722076612061756d656e74616e646f2e205369206c61206d656e6f70617573696120657374c3a12070726f64756369646120706f72206c6120657874697270616369c3b36e2071756972c3ba72676963612064656c20c3ba7465726f2079206c6f73206f766172696f732c20656c2072696573676f20646520696e666172746f2061756d656e746120656e206772616e206d65646964612e205369206c61206d656e6f706175736961206f637572726520646520666f726d61206e61747572616c2c20656c2061756d656e746f2064656c2072696573676f206573206dc3a173206d6f64657261646f20792070726f6772657369766f2e3c2f703e3c703e3c696d67207372633d22646174613a696d6167652f6a7065673b6261736536342c2f396a2f34414151536b5a4a5267414241514541594142674141442f3277424441414d4341674d4341674d4441774d4541774d45425167464251514542516f484277594944416f4d4441734b4377734e44684951445134524467734c4542595145524d55465255564441385847425955474249554652542f3277424441514d454241554542516b4642516b554451734e464251554642515546425155464251554642515546425155464251554642515546425155464251554642515546425155464251554642515546425155464251554642542f7741415243414175414338444153494141684542417845422f38514148774141415155424151454241514541414141414141414141414543417751464267634943516f4c2f3851417452414141674544417749454177554642415141414146394151494441415152425249684d5545474531466842794a7846444b426b61454949304b78775256533066416b4d324a7967676b4b4668635947526f6c4a69636f4b536f304e5459334f446b3651305246526b644953557054564656575631685a576d4e6b5a575a6e61476c7163335231646e643465587144684957476834694a69704b546c4a57576c35695a6d714b6a704b576d7036697071724b7a744c57327437693575734c44784d584778386a4a79744c54314e585731396a5a32754869342b546c3575666f3665727838765030396662332b506e362f38514148774541417745424151454241514542415141414141414141414543417751464267634943516f4c2f385141745245414167454342415144424163464241514141514a3341414543417845454253457842684a425551646863524d694d6f454946454b526f62484243534d7a55764156596e4c524368596b4e4f456c3852635947526f6d4a7967704b6a55324e7a67354f6b4e4552555a4853456c4b55315256566c64595756706a5a47566d5a326870616e4e3064585a3365486c36676f4f456859614869496d4b6b704f556c5a61586d4a6d616f714f6b7061616e714b6d7173724f3074626133754c6d367773504578636248794d6e4b3074505531646258324e6e613475506b3565626e364f6e7138765030396662332b506e362f396f4144414d424141495241784541507744395470507531526d7674333775483535472f774448667a71445672727931574e657263745543336c7670614b4a466153646c334e7435626e36313464664d495171756d354b4d5675332b534f71464f3654746473763263637361763576796b392f4e332f30466339716b6a733073566c71332b6b2f7778744c7a6e2b56616b50694378766c6b696154374f323361776d5a513338362b58506a7034736d3050784a64366675614c6e4d624b33446a38505773385443574b644e55567a523770744e6663656a674d4e4b765663486f2f5139683072347679365871386d6d36374377644732764c74324f76755233483072314b3276496271316a754970466b696b554d73676267715277612b4a6444385954654e5044393142634f3075703666455a37536475585a562b3947543347336b66377465326673362f454674557435644975473346454d7349622b456a415a66317a587030595663502b376d37727066633638666c796a423149717a573657337165733353655a716e6b6633766c482f6646596d74584a67615355626c7941726e2b36514d63317161717a5773386369344a5448346c663841363154616a70636576572f6e327369787a4d76446451337377723839783245715a67713947693756464c6d74316166627a5776336e46546b71626a4b587737486e57702f46614c773362546d367457754345506c734d46632f5131385a2b4f74613144784c3467756271346b6b6d655a386a647a394258315634392b4857723353796d4c5357754e3352724f546376354547764d592f677a6357556a5865722f414f6a7a7366384152744f69627a4c6d346b37446150756a334e66553850314b2b466f4b6e696e64725458632b727763384a5176566861374f492b45346c303357726d35322f7531697546507067774f682f567139482f5a746b502f4141736130324e69507a4a56783765544c2f384145316e654a4e486a2b472f6877366537522f323565722b2b6a6a352b7a52357a747a366b39613633396e48777263572f694f7776474730434b5334592f77437a744d592f4e6e6176714b306f31417856614d364657703061736a365731537a2b31514d79727539562f714b34326255373777374d7a782f764957366f3333572f77723065737a5574467474517a35696c4750384146476470503134723576485a5837616f7352526c797a58552b4a6f596851584a4e58527746393854744b61466c76644f6b7a33387551664e2f4b7544313734707061704d6e682f535937475a31326d366235706366377872307a5550687a62587a4d667465776538436b2f7a724b6a2b47576b52586e6c79655a667a4b334354596a692f4a52574e474e654435716c7239306c6339656e55776b656a666c725938483048775066654d395762554e51615437476a356d7547354c6e73712b704e665466675877716e682b7865523456687572674b504b586b5278714d4b6d6659566f36543463746450324f79704a4a474d524b716259347639316578392b7464485830464b4c736e493473626a70596838693053502f2f5a223e3c7374726f6e673e206329204f766172696f7320706f6c697175c3ad737469636f733c2f7374726f6e673e3c2f703e3c703e4c612070726573656e636961206465206573746120656e6665726d6564616420636f6e666965726520756e2072696573676f2063617264696f76617363756c617220656c657661646f20616c2069722061736f636961646f2061206c61206f6265736964616420792061206c6120726573697374656e6369612061206c6120696e73756c696e6120792064696162657465732e3c2f703e3c703e5061726120616d706c69617220636f6e6f63696d69656e746f7320736f627265206c61207365636369c3b36e20332c206cc3a9616e7365206c6173206c6563747572617320707265766961732033207920342e3c2f703e3c703e342e3c7374726f6e673e4d616e69666573746163696f6e6573206469666572656e6369616c657320656e206d756a65726573207920686f6d627265733c2f7374726f6e673e3c2f703e3c68323e342e312043415244494f504154c38d412049535155c3894d4943413c2f68323e3c703e4c6173206d616e69666573746163696f6e657320636cc3ad6e69636173206465206c612063617264696f706174c3ad612069737175c3a96d69636120736f6e206c61203c7374726f6e673e616e67696e6120646520706563686f2c20656c20696e666172746f20616775646f206465206d696f63617264696f2c2079206c61206d75657274652073c3ba626974612e266e6273703b3c2f7374726f6e673e4164656dc3a17320636f6d6f20636f6e73656375656e63696120646520756e20696e666172746f206f20646520756e6120616e67696e61206372c3b36e6963612c207075656465206465736172726f6c6c6172736520756e6120696e737566696369656e6369612063617264c3ad6163612e204c6120693c7374726f6e673e6e737566696369656e6369612063617264c3ad616361266e6273703b3c2f7374726f6e673e74616d6269c3a96e2070756564652065737461722070726f64756369646120706f72206f74726f207469706f20646520656e6665726d6564616465732063617264696f76617363756c617265732075206465206f74726f207469706f2073697374c3a96d69636f202820706f7220656a656d706c6f20656c206c757075732065726974656d61746f736f207175652074616d6269c3a96e20657320756e6120656e6665726d65646164206d6173206672656375656e746520656e206c61206d756a6572292e266e6273703b3c2f703e3c703e4c61206d756a657265732070726573656e74616e20616e67696e6120646520706563686f20636f6e206d6173206672656375656e6369612079206c6f7320686f6d6272657320696e666172746f20616775646f206465206d696f63617264696f2e205065726f20656c6c6f206e6f207369676e69666963612071756520616d626f73207469706f73206465206d616e69666573746163696f6e657320657374c3a96e20617573656e74657320656e20656c206f74726f207365786f2e20507265636973616d656e7465206573746120636f6e66757369c3b36e2068612064657465726d696e61646f2071756520686173746120656c2070726573656e74652c207365266e6273703b686179612074656e6469646f206120737562646961676e6f73746963617220656c20696e666172746f20616775646f206465206d696f63617264696f20656e206c6173206d756a657265732e3c2f703e3c703e456c2073c3ad6e746f6d61207072696e636970616c206465206c6120616e67696e6120792064656c20696e666172746f20657320656c203c7374726f6e673e646f6c6f72266e6273703b3c2f7374726f6e673e656e20677261646f207661726961626c65206361757361646f20706f72206c612066616c7461206465206f78c3ad67656e6f20656e20656c206dc3ba7363756c6f2063617264c3ad61636f2e3c2f703e3c703e4c61203c7374726f6e673e616e67696e6120646520706563686f266e6273703b3c2f7374726f6e673e7365206361726163746572697a6120706f7220756e612073656e73616369c3b36e206465206f7072657369c3b36e2075203c7374726f6e673e646f6c6f72266e6273703b3c2f7374726f6e673e656e206c6120706172746520616e746572696f722064656c2074c3b372617820706f722064657472c3a1732064656c2065737465726ec3b36e2c20646573656e636164656e61646f20706f7220656c206573667565727a6f2066c3ad7369636f206f206c6120656d6f6369c3b36e2e20416c67756e6173206d756a657265732070756564656e2070726573656e74617220656e206c7567617220646520646f6c6f722c2073c3ad6e746f6d617320706172656369646f73206120756e6120696e64696765737469c3b36e206f20646f6c6f7220656e206c61206d616e64c3ad62756c612e20456c20646f6c6f72206465206c6120616e67696e61206365646520616c20636564657220656c206573667565727a6f2079206e6f207375656c65206475726172206d6173206465203130206d696e75746f732e3c2f703e3c703e456e2063616d62696f20656c20646f6c6f722064656c20696e666172746f206573206dc3a173206675657274652079206465206c6172676120647572616369c3b36e2079206e6f206e65636573617269616d656e74652073652072656c6163696f6e6120636f6e20656c206573667565727a6f2066c3ad7369636f2e204c6f73207369676e6f7320792073c3ad6e746f6d61732064656c203c7374726f6e673e696e666172746f20616775646f206465206d696f63617264696f266e6273703b3c2f7374726f6e673e656e206c6173206d756a657265732070756564656e20736572206469666572656e746573206465206c6f73207175652070726573656e74616e206c6f7320686f6d627265732e204d69656e747261732071756520656e20656c20686f6d62726520656c20646f6c6f722061636f7374756d62726120612073657220656e206c6120706172746520616e746572696f722064656c2074c3b37261782c2079207375656c652061636f6d7061c3b161727365206465207375646f72616369c3b36e2c266e6273703b206c6173206d756a657265732070756564656e20656e207375206c756761722c2073656e746972206172646f7220656e206c612072656769c3b36e207375706572696f722064656c206162646f6d656e206f2070726573656e74617220646f6c6f7220656e20656c206272617a6f20697a7175696572646f2c20657370616c64612c206d616e64c3ad62756c612079206375656c6c6f20792070756564656e2074656e6572206d6172656f2c206d616c6573746172206573746f6d6163616c2079207375646f72616369c3b36e2e20436f6d6f2070756564656e206e6f2073656e74697220656c2074c3ad7069636f20646f6c6f7220656e206c61206d6974616420697a717569657264612064656c20706563686f2c206d7563686173206d756a6572657320706f6472c3ad616e20706173617220706f7220616c746f206c6f732073c3ad6e746f6d61732071756520696e646963616e2071756520657374c3a16e207375667269656e646f20756e2061746171756520616c20636f72617ac3b36e2e3c2f703e3c703e4573747564696f73206465207469706f206f62736572766163696f6e616c2068616e2064656d6f73747261646f207175652c20656e2070726573656e6369612064652073c3ad6e746f6d61732c206c6f7320736572766963696f732073616e69746172696f7320646961676e6f73746963616e206d656e6f732061206c6173206d756a657265732079207365206c6573266e6273703b2061706c6963616e2074726174616d69656e746f73206d656e6f7320696e74656e7369766f732e20506f7220656a656d706c6f2c207365266e6273703b2068612064656d6f73747261646f2071756520616c20696e67726573617220656e20757267656e6369617320706f7220756e20646f6c6f7220707265636f726469616c2c207365206c6573207265616c697a616e206d656e6f7320656c656374726f63617264696f6772616d617320792064657465726d696e6163696f6e657320646520656e7a696d61732c20616d626f73206e656365736172696f73207061726120656c20646961676ec3b3737469636f20646520696e666172746f2c207365206c617320636f6e6563746120636f6e206d656e6f72206672656375656e636961206120756e206d6f6e69746f722063617264c3ad61636f2c207920656c206361726469c3b36c6f676f206573206c6c616d61646f206d656e6f73206672656375656e74656d656e7465206120636f6e73756c74612e204c6120636f6e73656375656e63696120657320717565207369206e6f20736520646961676e6f7374696361206269656e20792061207469656d706f2c206e6f20736520747261746120636f6e20696775616c2065666563746976696461642e3c2f703e3c703e456c20696e666172746f206465206d696f63617264696f20657320756e6120656e6665726d6564616420616c74616d656e7465206c6574616c2e204c6173206d756a65726573207175652073756672656e20756e20696e666172746f20616775646f206465206d696f63617264696f207469656e656e2070656f72266e6273703b2070726f6ec3b3737469636f20766974616c206120636f72746f20706c617a6f20717565206c6f7320686f6d627265732e20456e2070726f6d6564696f2c206dc3a1732064656c20343625206465206c6f7320686f6d627265732065737061c3b16f6c65732071756520696e66617274616e20656e747265206c6f7320333520792037342061c3b16f732c206d756572656e20656e20656c207072696d6572206d6573206465737075c3a9732064656c20696e666172746f2c206c61206d61796f72c3ad6120656e206c6173207072696d6572617320686f7261732e203c7374726f6e673e4c61206c6574616c69646164266e6273703b3c2f7374726f6e673e656e206c6173206d756a657265732c20616a757374616e646f2070617261206c6120656461642c206573207369676e6966696361746976616d656e7465203c7374726f6e673e6dc3a17320616c74612c203533253c2f7374726f6e673e2e20456e206c6f7320686f6d627265732c20656c2074616261636f2079206861626572207375667269646f20756e20696e666172746f2070726576696f2c20736f6e206d6173206672656375656e74656d656e746520666163746f7265732071756520656d70656f72616e20656c2070726f6ec3b3737469636f2e204d69656e7472617320717565206c612064696162657465732079206c61266e6273703b686970657274656e7369c3b36e20617274657269616c20656e747265206c6173206d756a657265732071756520696e66617274616e2c736f6e206c6f7320666163746f726573206d61732064657465726d696e616e7465732064656c2070726f6ec3b3737469636f2079206c6f7320717565206578706c69636172c3ad616e206c61206d61796f72206c6574616c696461642066656d656e696e612e2053696e20656d626172676f2c206578697374656e20696e646963696f7320646520717565206573746f7320666163746f72657320736f6c616d656e74652c206e6f2062617374616e2070617261206578706c69636172206c6173206469666572656e636961732073657875616c65732064656c2070726f6ec3b3737469636f20766974616c2c2073696e6f2071756520c3a973746f7320706f6472c3ad616e207365722064656269646f73206120756e2074726174616d69656e746f206dc3a96469636f206469666572656e6369616c202861756e71756520696e636f6e736369656e7465292e266e6273703b3c2f703e3c703e456c20646961676ec3b3737469636f2064652063617264696f706174c3ad612069737175c3a96d69636120656e206c61206d756a6572206573206d617320636f6d706c656a6f2e204c612064656e6f6d696e61646120707275656261206465206573667565727a6f2c206461206d61732061206d656e75646f2c20726573756c7461646f7320706f636f20636f6e636c7579656e746573207061726120706f6465722065737461626c6563657220656c20646961676ec3b3737469636f20646520616e67696e612c20706f72206c6f20717565207365206465626520726563757272697220612070727565626173206469726563746173206f20696e646972656374617320646520696d6167656e206d617320636f73746f736173207920636f6d706c656a61732e2041206d656e75646f2c20656e2070726573656e63696120646520636c61726f732073c3ad6e746f6d617320646520616e67696e6120656e206c6173206d756a657265732c206c6120636f726f6e6172696f67726166c3ad61206e6f206d756573747261207365c3b1616c206465206c6573696f6e657320636f726f6e6172696173206f627374727563746976617320282073697475616369c3b36e2064656e6f6d696e616461203c7374726f6e673e73c3ad6e64726f6d6520583c2f7374726f6e673e292c20636f6e206c6f2071756520656c20646961676ec3b3737469636f20657320696e63696572746f2e20456e20657374617320736974756163696f6e65732c207365207469656e646520612074726174617220636f6e206d656e6f7320696e74656e73696461642e2053696e20656d626172676f206573747564696f73206c6f6e6769747564696e616c65732064656d7565737472616e20717565206c6173206d756a6572657320636f6e20657374652073c3ad6e64726f6d65207469656e656e20696775616c2070656f722070726f6ec3b3737469636f20766974616c2071756520617175656c6c61732061206c6173207175652073c3ad20736520656e6375656e7472616e206c6573696f6e6573206f62737472756374697661732e3c2f703e3c703e456c266e6273703b2063616c69627265206465206c617320617274657269617320636f726f6e617269617320656e206c61206d756a6572206573206d656e6f722c206c6f207175652061756d656e7461206c6173206469666963756c7461646573206d6563c3a16e6963617320616c207265616c697a6172206361746574657269736d6f20636f726f6e6172696f2c20616e67696f706c617374696173206f207374656e74732079206369727567c3ad612064652062792d706173732e20456c6c6f266e6273703b20707565646520636f6e747269627569722061206c61206d61796f72206d6f7274616c696461642071756972c3ba726769636120656e206c61206d756a65722e3c2f703e3c703e4c61206d61796f72c3ad61206465206573747564696f73207265616c697a61646f732074616e746f20656e2045737461646f7320556e69646f7320636f6d6f20656e204575726f70612c20696e636c756964612045737061c3b1612c2068616e2064656d6f73747261646f20717565206c6173206d756a6572657320736520726574726173616e206dc3a17320656e20736572206174656e646964617320656e20756e20736572766963696f206dc3a96469636f20616465637561646f2c20796120736561266e6273703b20706f7271756520656c6c6173206d69736d6173206c617320706572736f6e617320717565206c617320617469656e64656e20656e207072696d65726120696e7374616e6369612073652064656d6f72616e2c206f20706f72717565206c6f7320736572766963696f732073616e69746172696f73206e6f207265636f6e6f63656e206c6120706f736962696c69646164206465207175652070756564616e2074656e657220756e20696e666172746f2e204c6173206d756a65726573207469656e64656e2061637564697220616e74657320616c206dc3a96469636f2064652066616d696c69612c206c6f20717565207375706f6e6520756e6120617574c3a96e746963612070c3a97264696461206465207469656d706f20766974616c20656e2065737465207469706f20646520736974756163696f6e65732e3c2f703e3c703e4e6f2073652068616e20646573637269746f206469666572656e636961732064652067c3a96e65726f20656e206c612073696e746f6d61746f6c6f67c3ad61206465206c6120696e737566696369656e6369612063617264c3ad616361207920656c2069637475732e3c2f703e, '<p>Referencias bibliográficas para lectura previa 1. Artazcoz L. Las desigualdades de género en la agenda de salud pública. Gaceta Sanitaria 2004 18 suppl 2: 1-2. 2. Sans S, Paluzie G. Evolución de la morbi-mortalidad por EECCVV en España 1970-1996. Cuadernos latinoamericanos de hipertensión 2000, V: 13-24. 3. Sans S. Coronary heart disease in women. Hospimedica March 1992: 28-33. 4. Rohfls I, Garcia M, Gavalda L, et al. Género y cardiopatía isquémica. Gaceta Sanitaria 2004, 18 suppl 2: 55-64. Principales referencias bibliográficas - Fleury J. Keller C, Murdaugh C. Social and contextual etiology of coronary heart disease in women. Women’s Health Gend Based Med 2000; 9: 96', NULL, NULL, NULL, 'documento-confe-pdf/enfermedad-cardiovascular.pdf', '2022-04-14', 2, 'Estrógenos endógeno,Contraceptivos orales,fisiopatologia', 2, 'Publico', 'A');
INSERT INTO `publicacion` (`id_public`, `id_medico_pu`, `titulo_public`, `autor_pu`, `text_public`, `contendio_pdf`, `referencia_pu`, `link_imagen`, `link_video`, `link_audio`, `link_archivo`, `fecha_public`, `categoria_public`, `etiqueta`, `me_gusta_pu`, `estado_articulo`, `estado`) VALUES
(16, 7, 'Titulo del Artículo', '<p>Autores*</p>', '<p>Resumen*</p>', 0x3c703e436f6e74656e69646f205044462a3c2f703e, '<p>Bibliografía*</p>', NULL, NULL, NULL, 'documento-pdf/prueva.pdf', '2022-04-18', 1, 'Etiquetas', 40, 'Privado', 'A'),
(17, 7, 'Titulo del Artículo2', '<p>Autores2</p>', '<p>Resumen2</p>', 0x3c703e436f6e74656e69646f20504446323c2f703e, '<p>Bibliografía2</p>', NULL, NULL, NULL, 'documento-pdf/prueva.pdf', '2022-04-18', 1, 'Etiquetas2', 10, 'Publico', 'I');

-- --------------------------------------------------------

--
-- Estructura de tabla para la tabla `recordatorio`
--

CREATE TABLE `recordatorio` (
  `id_recorda` int(20) NOT NULL,
  `id_medicorec` int(20) DEFAULT NULL,
  `id_confererec` int(20) DEFAULT NULL,
  `espec_recor` varchar(150) DEFAULT NULL,
  `fechainiciorec` datetime DEFAULT NULL,
  `fechafinalrec` datetime DEFAULT NULL,
  `estado` varchar(1) DEFAULT NULL
) ENGINE=InnoDB DEFAULT CHARSET=utf8;

--
-- Volcado de datos para la tabla `recordatorio`
--

INSERT INTO `recordatorio` (`id_recorda`, `id_medicorec`, `id_confererec`, `espec_recor`, `fechainiciorec`, `fechafinalrec`, `estado`) VALUES
(8, 7, 3, 'Cardiologia', NULL, NULL, 'A'),
(9, 7, 2, 'Cardiologia', NULL, NULL, 'A'),
(10, 7, 4, 'Cardiologia', NULL, NULL, 'A'),
(11, 7, 10, 'Cardiologia', NULL, NULL, 'A'),
(12, 7, 1, 'Cardiologia', NULL, NULL, 'A'),
(13, 6, 1, 'Pediatria', NULL, NULL, 'A'),
(14, 4, 1, 'Cirugia general', NULL, NULL, 'A'),
(15, 6, 2, NULL, NULL, NULL, 'A');

-- --------------------------------------------------------

--
-- Estructura de tabla para la tabla `rol`
--

CREATE TABLE `rol` (
  `id_roles` int(20) NOT NULL,
  `descripcion` varchar(70) DEFAULT NULL,
  `estado` varchar(1) DEFAULT NULL
) ENGINE=InnoDB DEFAULT CHARSET=utf8;

--
-- Volcado de datos para la tabla `rol`
--

INSERT INTO `rol` (`id_roles`, `descripcion`, `estado`) VALUES
(1, 'Administrador', 'A'),
(2, 'Medico', 'A'),
(3, 'NO autorizado', 'A'),
(4, 'Prueba', 'A');

-- --------------------------------------------------------

--
-- Estructura de tabla para la tabla `visitas`
--

CREATE TABLE `visitas` (
  `fecha` varchar(10) DEFAULT NULL,
  `ip` varchar(255) NOT NULL,
  `pagina` varchar(255) NOT NULL,
  `url` varchar(255) NOT NULL
) ENGINE=InnoDB DEFAULT CHARSET=utf8;

--
-- Volcado de datos para la tabla `visitas`
--

INSERT INTO `visitas` (`fecha`, `ip`, `pagina`, `url`) VALUES
('2022-04-30', '127.0.0.1', 'Sistama de divulgacion médico', 'http://localhost/medico-red/index.php'),
('2022-04-30', '127.0.0.1', 'Sistama de divulgacion médico', 'http://localhost/medico-red/index.php'),
('2022-05-01', '127.0.0.1', 'Sistama de divulgacion médico', 'http://localhost/medico-red/index.php'),
('2022-05-01', '127.0.0.1', 'Sistama de divulgacion médico', 'http://localhost/medico-red/index.php'),
('2022-05-01', '127.0.0.1', 'Sistama de divulgacion médico', 'http://localhost/medico-red/index.php'),
('2022-04-30', '127.0.0.1', 'Sistama de divulgacion médico', 'http://localhost/medico-red/index.php'),
('2022-04-30', '127.0.0.1', 'Sistama de divulgacion médico', 'http://localhost/medico-red/index.php'),
('2022-04-30', '127.0.0.1', 'Sistama de divulgacion médico', 'http://localhost/medico-red/index.php'),
('2022-04-30', '127.0.0.1', 'Sistama de divulgacion médico', 'http://localhost/medico-red/index.php'),
('2022-04-30', '127.0.0.1', 'Sistama de divulgacion médico', 'http://localhost/medico-red/index.php'),
('2022-04-30', '127.0.0.1', 'Sistama de divulgacion médico', 'http://localhost/medico-red/index.php'),
('2022-04-30', '127.0.0.1', 'Sistama de divulgacion médico', 'http://localhost/medico-red/index.php'),
('2022-04-30', '127.0.0.1', 'Sistama de divulgacion médico', 'http://localhost/medico-red/index.php'),
('2022-04-30', '127.0.0.1', 'Sistama de divulgacion médico', 'http://localhost/medico-red/index.php'),
('2022-04-30', '127.0.0.1', 'Sistama de divulgacion médico', 'http://localhost/medico-red/index.php'),
('2022-04-30', '127.0.0.1', 'Sistama de divulgacion médico', 'http://localhost/medico-red/index.php'),
('2022-04-30', '127.0.0.1', 'Sistama de divulgacion médico', 'http://localhost/medico-red/index.php'),
('2022-04-30', '127.0.0.1', 'Sistama de divulgacion médico', 'http://localhost/medico-red/index.php'),
('2022-04-30', '127.0.0.1', 'Sistama de divulgacion médico', 'http://localhost/medico-red/index.php'),
('2022-04-30', '127.0.0.1', 'Sistama de divulgacion médico', 'http://localhost/medico-red/index.php'),
('2022-04-30', '127.0.0.1', 'Sistama de divulgacion médico', 'http://localhost/medico-red/index.php'),
('2022-04-30', '127.0.0.1', 'Sistama de divulgacion médico', 'http://localhost/medico-red/index.php'),
('2022-04-30', '127.0.0.1', 'Sistama de divulgacion médico', 'http://localhost/medico-red/index.php'),
('2022-04-30', '127.0.0.1', 'Sistama de divulgacion médico', 'http://localhost/medico-red/index.php'),
('2022-04-30', '127.0.0.1', 'Sistama de divulgacion médico', 'http://localhost/medico-red/index.php'),
('2022-04-30', '127.0.0.1', 'Sistama de divulgacion médico', 'http://localhost/medico-red/index.php'),
('2022-04-30', '127.0.0.1', 'Sistama de divulgacion médico', 'http://localhost/medico-red/index.php'),
('2022-04-30', '127.0.0.1', 'Sistama de divulgacion médico', 'http://localhost/medico-red/index.php'),
('2022-04-30', '127.0.0.1', 'Sistama de divulgacion médico', 'http://localhost/medico-red/index.php'),
('2022-04-30', '127.0.0.1', 'Sistama de divulgacion médico', 'http://localhost/medico-red/index.php'),
('2022-04-30', '127.0.0.1', 'Sistama de divulgacion médico', 'http://localhost/medico-red/index.php'),
('2022-04-30', '127.0.0.1', 'Sistama de divulgacion médico', 'http://localhost/medico-red/index.php'),
('2022-04-30', '127.0.0.1', 'Sistama de divulgacion médico', 'http://localhost/medico-red/index.php'),
('2022-04-30', '127.0.0.1', 'Sistama de divulgacion médico', 'http://localhost/medico-red/index.php'),
('2022-04-30', '127.0.0.1', 'Sistama de divulgacion médico', 'http://localhost/medico-red/index.php'),
('2022-04-30', '127.0.0.1', 'Sistama de divulgacion médico', 'http://localhost/medico-red/index.php'),
('2022-04-30', '127.0.0.1', 'Cirugia general', 'http://localhost/medico-red/cirugia_general.php'),
('2022-04-30', '127.0.0.1', 'Cirugia general', 'http://localhost/medico-red/cirugia_general.php'),
('2022-04-30', '127.0.0.1', 'Cirugia general', 'http://localhost/medico-red/cirugia_general.php'),
('2022-04-30', '127.0.0.1', 'Cirugia general', 'http://localhost/medico-red/cirugia_general.php'),
('2022-04-30', '127.0.0.1', 'Cirugia general', 'http://localhost/medico-red/cirugia_general.php'),
('2022-05-01', '127.0.0.1', 'Sistama de divulgacion médico', 'http://localhost/medico-red/index.php'),
('2022-05-01', '127.0.0.1', 'Sistama de divulgacion médico', 'http://localhost/medico-red/index.php'),
('2022-05-02', '127.0.0.1', 'Sistama de divulgacion médico', 'http://localhost/medico-red/index.php'),
('2022-05-02', '127.0.0.1', 'Sistama de divulgacion médico', 'http://localhost/medico-red/index.php'),
('2022-05-03', '127.0.0.1', 'Sistama de divulgacion médico', 'http://localhost/medico-red/index.php'),
('2022-05-03', '127.0.0.1', 'Sistama de divulgacion médico', 'http://localhost/medico-red/index.php'),
('2022-05-03', '127.0.0.1', 'Sistama de divulgacion médico', 'http://localhost/medico-red/index.php'),
('2022-05-03', '127.0.0.1', 'Sistama de divulgacion médico', 'http://localhost/medico-red/index.php'),
('2022-05-03', '127.0.0.1', 'Sistama de divulgacion médico', 'http://localhost/medico-red/index.php'),
('2022-05-03', '127.0.0.1', 'Sistama de divulgacion médico', 'http://localhost/medico-red/index.php'),
('2022-05-03', '127.0.0.1', 'Sistama de divulgacion médico', 'http://localhost/medico-red/index.php'),
('2022-05-03', '127.0.0.1', 'Sistama de divulgacion médico', 'http://localhost/medico-red/index.php'),
('2022-05-03', '127.0.0.1', 'Sistama de divulgacion médico', 'http://localhost/medico-red/index.php'),
('2022-05-03', '127.0.0.1', 'Sistama de divulgacion médico', 'http://localhost/medico-red/index.php'),
('2022-05-03', '127.0.0.1', 'Sistama de divulgacion médico', 'http://localhost/medico-red/index.php'),
('2022-05-03', '127.0.0.1', 'Sistama de divulgacion médico', 'http://localhost/medico-red/index.php'),
('2022-05-03', '127.0.0.1', 'Sistama de divulgacion médico', 'http://localhost/medico-red/index.php'),
('2022-05-03', '127.0.0.1', 'Sistama de divulgacion médico', 'http://localhost/medico-red/index.php'),
('2022-05-03', '127.0.0.1', 'Sistama de divulgacion médico', 'http://localhost/medico-red/index.php'),
('2022-05-03', '127.0.0.1', 'Sistama de divulgacion médico', 'http://localhost/medico-red/index.php'),
('2022-05-03', '127.0.0.1', 'Sistama de divulgacion médico', 'http://localhost/medico-red/index.php'),
('2022-05-03', '127.0.0.1', 'Sistama de divulgacion médico', 'http://localhost/medico-red/index.php'),
('2022-05-03', '127.0.0.1', 'Sistama de divulgacion médico', 'http://localhost/medico-red/index.php'),
('2022-05-03', '127.0.0.1', 'Sistama de divulgacion médico', 'http://localhost/medico-red/index.php'),
('2022-05-03', '127.0.0.1', 'Sistama de divulgacion médico', 'http://localhost/medico-red/index.php'),
('2022-05-03', '127.0.0.1', 'Sistama de divulgacion médico', 'http://localhost/medico-red/index.php'),
('2022-05-03', '127.0.0.1', 'Sistama de divulgacion médico', 'http://localhost/medico-red/index.php'),
('2022-05-03', '127.0.0.1', 'Sistama de divulgacion médico', 'http://localhost/medico-red/index.php'),
('2022-05-03', '127.0.0.1', 'Sistama de divulgacion médico', 'http://localhost/medico-red/index.php'),
('2022-05-03', '127.0.0.1', 'Sistama de divulgacion médico', 'http://localhost/medico-red/index.php'),
('2022-05-03', '127.0.0.1', 'Sistama de divulgacion médico', 'http://localhost/medico-red/index.php'),
('2022-05-03', '127.0.0.1', 'Sistama de divulgacion médico', 'http://localhost/medico-red/index.php'),
('2022-05-03', '127.0.0.1', 'Sistama de divulgacion médico', 'http://localhost/medico-red/index.php'),
('2022-05-03', '127.0.0.1', 'Sistama de divulgacion médico', 'http://localhost/medico-red/index.php'),
('2022-05-03', '127.0.0.1', 'Sistama de divulgacion médico', 'http://localhost/medico-red/index.php'),
('2022-05-03', '127.0.0.1', 'Sistama de divulgacion médico', 'http://localhost/medico-red/index.php'),
('2022-05-03', '127.0.0.1', 'Sistama de divulgacion médico', 'http://localhost/medico-red/index.php'),
('2022-05-04', '127.0.0.1', 'Sistama de divulgacion médico', 'http://localhost/medico-red/index.php'),
('2022-05-04', '127.0.0.1', 'Sistama de divulgacion médico', 'http://localhost/medico-red/index.php'),
('2022-05-04', '127.0.0.1', 'Sistama de divulgacion médico', 'http://localhost/medico-red/index.php'),
('2022-05-05', '127.0.0.1', 'Sistama de divulgacion médico', 'http://localhost/medico-red/index.php'),
('2022-05-05', '127.0.0.1', 'Sistama de divulgacion médico', 'http://localhost/medico-red/index.php'),
('2022-05-05', '127.0.0.1', 'Sistama de divulgacion médico', 'http://localhost/medico-red/index.php'),
('2022-05-05', '127.0.0.1', 'Sistama de divulgacion médico', 'http://localhost/medico-red/index.php'),
('2022-05-05', '127.0.0.1', 'Sistama de divulgacion médico', 'http://localhost/medico-red/index.php'),
('2022-05-05', '127.0.0.1', 'Sistama de divulgacion médico', 'http://localhost/medico-red/index.php'),
('2022-05-05', '127.0.0.1', 'Sistama de divulgacion médico', 'http://localhost/medico-red/index.php'),
('2022-05-05', '127.0.0.1', 'Sistama de divulgacion médico', 'http://localhost/medico-red/index.php'),
('2022-05-05', '127.0.0.1', 'Sistama de divulgacion médico', 'http://localhost/medico-red/index.php'),
('2022-05-05', '127.0.0.1', 'Sistama de divulgacion médico', 'http://localhost/medico-red/index.php'),
('2022-05-05', '127.0.0.1', 'Sistama de divulgacion médico', 'http://localhost/medico-red/index.php'),
('2022-05-05', '127.0.0.1', 'Sistama de divulgacion médico', 'http://localhost/medico-red/index.php'),
('2022-05-05', '127.0.0.1', 'Sistama de divulgacion médico', 'http://localhost/medico-red/index.php'),
('2022-05-05', '127.0.0.1', 'Sistama de divulgacion médico', 'http://localhost/medico-red/index.php'),
('2022-05-05', '127.0.0.1', 'Sistama de divulgacion médico', 'http://localhost/medico-red/index.php'),
('2022-05-05', '127.0.0.1', 'Sistama de divulgacion médico', 'http://localhost/medico-red/index.php'),
('2022-05-05', '127.0.0.1', 'Sistama de divulgacion médico', 'http://localhost/medico-red/index.php'),
('2022-05-05', '127.0.0.1', 'Sistama de divulgacion médico', 'http://localhost/medico-red/index.php'),
('2022-05-05', '127.0.0.1', 'Sistama de divulgacion médico', 'http://localhost/medico-red/index.php'),
('2022-05-05', '127.0.0.1', 'Sistama de divulgacion médico', 'http://localhost/medico-red/index.php'),
('2022-05-05', '127.0.0.1', 'Sistama de divulgacion médico', 'http://localhost/medico-red/index.php'),
('2022-05-05', '127.0.0.1', 'Sistama de divulgacion médico', 'http://localhost/medico-red/index.php'),
('2022-05-05', '127.0.0.1', 'Sistama de divulgacion médico', 'http://localhost/medico-red/index.php'),
('2022-05-07', '127.0.0.1', 'Sistama de divulgacion médico', 'http://localhost/medico-red/index.php'),
('2022-05-07', '127.0.0.1', 'Sistama de divulgacion médico', 'http://localhost/medico-red/index.php'),
('2022-05-08', '127.0.0.1', 'Sistama de divulgacion médico', 'http://localhost/medico-red/index.php'),
('2022-05-08', '127.0.0.1', 'Sistama de divulgacion médico', 'http://localhost/medico-red/index.php'),
('2022-05-08', '127.0.0.1', 'Sistama de divulgacion médico', 'http://localhost/medico-red/index.php'),
('2022-05-08', '127.0.0.1', 'Sistama de divulgacion médico', 'http://localhost/medico-red/index.php'),
('2022-05-08', '127.0.0.1', 'Sistama de divulgacion médico', 'http://localhost/medico-red/index.php'),
('2022-05-08', '127.0.0.1', 'Sistama de divulgacion médico', 'http://localhost/medico-red/index.php'),
('2022-05-08', '127.0.0.1', 'Sistama de divulgacion médico', 'http://localhost/medico-red/index.php'),
('2022-05-08', '127.0.0.1', 'Sistama de divulgacion médico', 'http://localhost/medico-red/index.php'),
('2022-05-08', '127.0.0.1', 'Sistama de divulgacion médico', 'http://localhost/medico-red/index.php'),
('2022-05-09', '127.0.0.1', 'Sistama de divulgacion médico', 'http://localhost/medico-red/index.php'),
('2022-05-09', '127.0.0.1', 'Conferencia', 'http://localhost/medico-red/conferencia_me.php'),
('2022-05-09', '127.0.0.1', 'Articulos cientificos', 'http://localhost/medico-red/articulo_cien.php'),
('2022-05-09', '127.0.0.1', 'Articulos cientificos', 'http://localhost/medico-red/articulo_cien.php'),
('2022-05-10', '127.0.0.1', 'Sistama de divulgacion médico', 'http://localhost/medico-red/index.php'),
('2022-05-10', '127.0.0.1', 'Sistama de divulgacion médico', 'http://localhost/medico-red/index.php'),
('2022-05-10', '127.0.0.1', 'Sistama de divulgacion médico', 'http://localhost/medico-red/index.php'),
('2022-05-10', '127.0.0.1', 'Sistama de divulgacion médico', 'http://localhost/medico-red/index.php'),
('2022-05-10', '127.0.0.1', 'Articulos cientificos', 'http://localhost/medico-red/articulo_cien.php'),
('2022-05-10', '127.0.0.1', 'Articulos cientificos', 'http://localhost/medico-red/articulo_cien.php'),
('2022-05-10', '127.0.0.1', 'Articulos cientificos', 'http://localhost/medico-red/articulo_cien.php'),
('2022-05-10', '127.0.0.1', 'Articulos cientificos', 'http://localhost/medico-red/articulo_cien.php'),
('2022-05-10', '127.0.0.1', 'Articulos cientificos', 'http://localhost/medico-red/articulo_cien.php'),
('2022-05-10', '127.0.0.1', 'Sistama de divulgacion médico', 'http://localhost/medico-red/index.php'),
('2022-05-11', '127.0.0.1', 'Articulos cientificos', 'http://localhost/medico-red/articulo_cien.php'),
('2022-05-11', '127.0.0.1', 'Sistama de divulgacion médico', 'http://localhost/medico-red/index.php'),
('2022-05-11', '127.0.0.1', 'Articulos cientificos', 'http://localhost/medico-red/articulo_cien.php'),
('2022-05-11', '127.0.0.1', 'Articulos cientificos', 'http://localhost/medico-red/articulo_cien.php'),
('2022-05-12', '127.0.0.1', 'Articulos cientificos', 'http://localhost/medico-red/articulo_cien.php'),
('2022-05-12', '127.0.0.1', 'Conferencia', 'http://localhost/medico-red/conferencia_me.php');

--
-- Índices para tablas volcadas
--

--
-- Indices de la tabla `administrador`
--
ALTER TABLE `administrador`
  ADD PRIMARY KEY (`id_admin`),
  ADD KEY `idRolA` (`idRolA`);

--
-- Indices de la tabla `comentario`
--
ALTER TABLE `comentario`
  ADD PRIMARY KEY (`id_comen`),
  ADD KEY `id_public_com` (`id_public_com`);

--
-- Indices de la tabla `conferencia`
--
ALTER TABLE `conferencia`
  ADD PRIMARY KEY (`id_confe`),
  ADD KEY `user_medico` (`id_userme`);

--
-- Indices de la tabla `especialidad`
--
ALTER TABLE `especialidad`
  ADD PRIMARY KEY (`id_espec`);

--
-- Indices de la tabla `inv_cientifica`
--
ALTER TABLE `inv_cientifica`
  ADD PRIMARY KEY (`id_inv`),
  ADD KEY `id_medico_inv` (`id_medico_inv`);

--
-- Indices de la tabla `inv_comentario`
--
ALTER TABLE `inv_comentario`
  ADD PRIMARY KEY (`id_comen_inv`),
  ADD KEY `id_inve_com` (`id_inve_com`);

--
-- Indices de la tabla `medico`
--
ALTER TABLE `medico`
  ADD PRIMARY KEY (`id_medico`),
  ADD KEY `idRol` (`idRol`),
  ADD KEY `especialidadm` (`especialidadm`);

--
-- Indices de la tabla `publicacion`
--
ALTER TABLE `publicacion`
  ADD PRIMARY KEY (`id_public`),
  ADD KEY `id_medico_pu` (`id_medico_pu`);

--
-- Indices de la tabla `recordatorio`
--
ALTER TABLE `recordatorio`
  ADD PRIMARY KEY (`id_recorda`),
  ADD KEY `medico recordatorio` (`id_medicorec`);

--
-- Indices de la tabla `rol`
--
ALTER TABLE `rol`
  ADD PRIMARY KEY (`id_roles`);

--
-- Indices de la tabla `visitas`
--
ALTER TABLE `visitas`
  ADD KEY `indice_fecha` (`fecha`);

--
-- AUTO_INCREMENT de las tablas volcadas
--

--
-- AUTO_INCREMENT de la tabla `administrador`
--
ALTER TABLE `administrador`
  MODIFY `id_admin` int(20) NOT NULL AUTO_INCREMENT, AUTO_INCREMENT=4;

--
-- AUTO_INCREMENT de la tabla `comentario`
--
ALTER TABLE `comentario`
  MODIFY `id_comen` int(20) NOT NULL AUTO_INCREMENT, AUTO_INCREMENT=8;

--
-- AUTO_INCREMENT de la tabla `conferencia`
--
ALTER TABLE `conferencia`
  MODIFY `id_confe` int(20) NOT NULL AUTO_INCREMENT, AUTO_INCREMENT=14;

--
-- AUTO_INCREMENT de la tabla `especialidad`
--
ALTER TABLE `especialidad`
  MODIFY `id_espec` int(20) NOT NULL AUTO_INCREMENT, AUTO_INCREMENT=5;

--
-- AUTO_INCREMENT de la tabla `inv_cientifica`
--
ALTER TABLE `inv_cientifica`
  MODIFY `id_inv` int(20) NOT NULL AUTO_INCREMENT, AUTO_INCREMENT=2;

--
-- AUTO_INCREMENT de la tabla `inv_comentario`
--
ALTER TABLE `inv_comentario`
  MODIFY `id_comen_inv` int(20) NOT NULL AUTO_INCREMENT, AUTO_INCREMENT=2;

--
-- AUTO_INCREMENT de la tabla `medico`
--
ALTER TABLE `medico`
  MODIFY `id_medico` int(20) NOT NULL AUTO_INCREMENT, AUTO_INCREMENT=16;

--
-- AUTO_INCREMENT de la tabla `publicacion`
--
ALTER TABLE `publicacion`
  MODIFY `id_public` int(20) NOT NULL AUTO_INCREMENT, AUTO_INCREMENT=18;

--
-- AUTO_INCREMENT de la tabla `recordatorio`
--
ALTER TABLE `recordatorio`
  MODIFY `id_recorda` int(20) NOT NULL AUTO_INCREMENT, AUTO_INCREMENT=16;

--
-- AUTO_INCREMENT de la tabla `rol`
--
ALTER TABLE `rol`
  MODIFY `id_roles` int(20) NOT NULL AUTO_INCREMENT, AUTO_INCREMENT=5;

--
-- Restricciones para tablas volcadas
--

--
-- Filtros para la tabla `administrador`
--
ALTER TABLE `administrador`
  ADD CONSTRAINT `administrador_ibfk_1` FOREIGN KEY (`idRolA`) REFERENCES `rol` (`id_roles`);

--
-- Filtros para la tabla `comentario`
--
ALTER TABLE `comentario`
  ADD CONSTRAINT `comentario_ibfk_1` FOREIGN KEY (`id_public_com`) REFERENCES `publicacion` (`id_public`) ON DELETE SET NULL ON UPDATE SET NULL;

--
-- Filtros para la tabla `inv_cientifica`
--
ALTER TABLE `inv_cientifica`
  ADD CONSTRAINT `inv_cientifica_ibfk_1` FOREIGN KEY (`id_medico_inv`) REFERENCES `medico` (`id_medico`);

--
-- Filtros para la tabla `inv_comentario`
--
ALTER TABLE `inv_comentario`
  ADD CONSTRAINT `inv_comentario_ibfk_1` FOREIGN KEY (`id_inve_com`) REFERENCES `inv_cientifica` (`id_inv`);

--
-- Filtros para la tabla `medico`
--
ALTER TABLE `medico`
  ADD CONSTRAINT `medico_ibfk_1` FOREIGN KEY (`idRol`) REFERENCES `rol` (`id_roles`),
  ADD CONSTRAINT `medico_ibfk_2` FOREIGN KEY (`especialidadm`) REFERENCES `especialidad` (`id_espec`);

--
-- Filtros para la tabla `publicacion`
--
ALTER TABLE `publicacion`
  ADD CONSTRAINT `publicacion_ibfk_1` FOREIGN KEY (`id_medico_pu`) REFERENCES `medico` (`id_medico`) ON DELETE SET NULL ON UPDATE SET NULL;
COMMIT;

/*!40101 SET CHARACTER_SET_CLIENT=@OLD_CHARACTER_SET_CLIENT */;
/*!40101 SET CHARACTER_SET_RESULTS=@OLD_CHARACTER_SET_RESULTS */;
/*!40101 SET COLLATION_CONNECTION=@OLD_COLLATION_CONNECTION */;
